id,slug,parent_id,icon,order,sale_only,applicable_to
01K7CT80TFHQQP8174A8TWCMPN,cars,01K7M9YVK0V17102B861JRCECW,🚙,0,false,market
01K7CT80TFV3AD47ECD11D13T5,motorcycles,01K7M9YVK0V17102B861JRCECW,🏍️,0,false,market
01K7CT80TGKX3N75PCSMS0Z01M,water-transport,01K7M9YVK0V17102B861JRCECW,⛵,0,false,market
01K7CT80TGR9M8AFH17W7Z2R6F,trucks,01K7M9YVK0V17102B861JRCECW,🚚,0,false,market
01K7CT80THHH2RMPV4VEK6AMMA,engines,01K7CT80THM7QVD5MWP9PEJRHD,⚙️,0,false,market
01K7CT80THM7QVD5MWP9PEJRHD,auto-parts,01K7M9YVK0V17102B861JRCECW,🔩,0,false,market
01K7CT80TJSWRN85NZVY8H1P0V,electronics,01K7M9YVK4G7MYJBP0G4QYQDQQ,💻,1,false,market
01K7CT80TJVMTANRJ9QVW0AZM0,body-parts,01K7CT80THM7QVD5MWP9PEJRHD,🚗,0,false,market
01K7CT80TKDWPPKD3D46FFD95J,tires-wheels,01K7CT80THM7QVD5MWP9PEJRHD,🛞,0,false,market
01K7CT80TKVWT41X5C8HFKR3TM,car-audio,01K7CT80THM7QVD5MWP9PEJRHD,📻,0,false,market
01K7CT80TKZE5V4FRKWYZF1FZ4,interior,01K7CT80THM7QVD5MWP9PEJRHD,🪑,0,false,market
01K7CT80TM43ZZK5584FQ6E7DY,car-care,01K7CT80THM7QVD5MWP9PEJRHD,🧽,0,false,market
01K7CT80TMA3BE503KJWW0G4CC,gps,01K7CT80THM7QVD5MWP9PEJRHD,📍,0,false,market
01K7CT80TN51WHRX1J0GKBXHKF,tuning,01K7CT80THM7QVD5MWP9PEJRHD,⚡,0,false,market
01K7CT80TNY13GHBT1XJ49YRC8,bicycles-scooters,01K7M9YVK0V17102B861JRCECW,🚲,0,false,market
01K7CT80TP0GDESP2EFHZKZSNH,bicycles,01K7CT80TNY13GHBT1XJ49YRC8,🚴,0,false,market
01K7CT80TPMGNANBG5J5WXC731,electric-scooters,01K7CT80TNY13GHBT1XJ49YRC8,🛴,0,false,market
01K7CT80TQ7TX9TCTDKJHSGMYW,bike-parts,01K7CT80TNY13GHBT1XJ49YRC8,🔧,0,false,market
01K7CT80TQMJMYQQJGW5Z6HENK,gyroscooters,01K7CT80TNY13GHBT1XJ49YRC8,🛴,0,false,market
01K7CT80TR554RXN0QGYT95Q37,real-estate,,🏠,1,false,market
01K7CT80TRNWJKXM94CXV4J3XB,apartments,01K7CT80TR554RXN0QGYT95Q37,🏢,0,false,market
01K7CT80TTKDYWB1JAM3YT73KH,rooms,01K7CT80TR554RXN0QGYT95Q37,🛏️,0,false,market
01K7CT80TV46GRE08NAPPP02K7,houses,01K7CT80TR554RXN0QGYT95Q37,🏡,0,false,market
01K7CT80TXQYRHH6ZRGT0CZC5D,land,01K7CT80TR554RXN0QGYT95Q37,🌾,0,false,market
01K7CT80TZSCPSV1JJQ8JQBJDZ,offices,01K7CT80TR554RXN0QGYT95Q37,🏛️,0,false,market
01K7CT80V0AWYEQVADB50KW0V6,warehouses,01K7CT80TR554RXN0QGYT95Q37,🏭,0,false,market
01K7CT80V0K9ZKECVPGH1SRKX7,retail,01K7CT80TR554RXN0QGYT95Q37,🛍️,0,false,market
01K7CT80V172TMGGDFNHN5ZE12,garages,01K7CT80TR554RXN0QGYT95Q37,🅿️,0,false,market
01K7CT80V2SMVBN40APY0XRVA9,desktop,01K7CT80V2ZY0CF65KSKKDWKE5,🖥️,0,false,market
01K7CT80V2ZY0CF65KSKKDWKE5,computers,01K7CT80TJSWRN85NZVY8H1P0V,🖥️,0,false,market
01K7CT80V3E8T8MRJ0FKRGZBGY,tablets,01K7CT80V2ZY0CF65KSKKDWKE5,📱,0,false,market
01K7CT80V3KMWY1E44CMMTVYP8,laptops,01K7CT80V2ZY0CF65KSKKDWKE5,💻,0,false,market
01K7CT80V4Q2A19MP22A9B8A57,all-in-one,01K7CT80V2ZY0CF65KSKKDWKE5,🖥️,0,false,market
01K7CT80V4Q6TQN2A288R68QEQ,ereaders,01K7CT80V2ZY0CF65KSKKDWKE5,📖,0,false,market
01K7CT80V515ABGCWAF9PD769P,gpu,01K7CT80V58YMFRATMG8Z6NRNK,🎨,0,false,market
01K7CT80V58YMFRATMG8Z6NRNK,components,01K7CT80TJSWRN85NZVY8H1P0V,🔌,0,false,market
01K7CT80V5M2VPG13YX29VD7BG,cpu,01K7CT80V58YMFRATMG8Z6NRNK,🔢,0,false,market
01K7CT80V6X6XG23B3BTC7C0DQ,motherboard,01K7CT80V58YMFRATMG8Z6NRNK,🔌,0,false,market
01K7CT80V6XCXTZDWV28Y51JWQ,ram,01K7CT80V58YMFRATMG8Z6NRNK,💾,0,false,market
01K7CT80V77E29HTZX6MFSFTC0,storage,01K7CT80V58YMFRATMG8Z6NRNK,📦,0,false,market
01K7CT80V7FESNNR4V6J6ZCYWJ,psu,01K7CT80V58YMFRATMG8Z6NRNK,⚡,0,false,market
01K7CT80V86TTQ3MTPD14RRR8A,cooling,01K7CT80V58YMFRATMG8Z6NRNK,❄️,0,false,market
01K7CT80V8G4VTTMM0YGSSA669,cases,01K7CT80V58YMFRATMG8Z6NRNK,📦,0,false,market
01K7CT80V93E7FXB5VWRMTE32X,peripherals,01K7CT80TJSWRN85NZVY8H1P0V,⌨️,0,false,market
01K7CT80V9B97BCZ6EBNFT3VEY,sound-cards,01K7CT80V58YMFRATMG8Z6NRNK,🔊,0,false,market
01K7CT80VA0T8X0RWM715KKEXG,monitors,01K7CT80V93E7FXB5VWRMTE32X,🖥️,0,false,market
01K7CT80VASNKX3FXHP22E867B,keyboards,01K7CT80V93E7FXB5VWRMTE32X,⌨️,0,false,market
01K7CT80VBC3HA3S5779HF8MS6,mice,01K7CT80V93E7FXB5VWRMTE32X,🖱️,0,false,market
01K7CT80VBXERHRWQCE0KK8DHY,headphones,01K7CT80V93E7FXB5VWRMTE32X,🎧,0,false,market
01K7CT80VC3TRHM9YMXQ0R3FBR,webcams,01K7CT80V93E7FXB5VWRMTE32X,📷,0,false,market
01K7CT80VCBKDGP1NNTR52GCQ8,speakers,01K7CT80V93E7FXB5VWRMTE32X,🔊,0,false,market
01K7CT80VDS5NDNV07ZCXBG0KD,networking,01K7CT80TJSWRN85NZVY8H1P0V,📡,0,false,market
01K7CT80VDW3YCNVDTK5Q0MRW7,microphones,01K7CT80V93E7FXB5VWRMTE32X,🎤,0,false,market
01K7CT80VDY6RKSQJ0FDV87BBQ,controllers,01K7CT80V93E7FXB5VWRMTE32X,🎮,0,false,market
01K7CT80VEB2FH8549QSCPBJAX,routers,01K7CT80VDS5NDNV07ZCXBG0KD,📡,0,false,market
01K7CT80VEJX02M4TVD19AXAM1,switches,01K7CT80VDS5NDNV07ZCXBG0KD,🔀,0,false,market
01K7CT80VFFE3Z0R7G18829ZJ5,network-cards,01K7CT80VDS5NDNV07ZCXBG0KD,🌐,0,false,market
01K7CT80VFMCMGZ7M3WX2DXEFJ,access-points,01K7CT80VDS5NDNV07ZCXBG0KD,📡,0,false,market
01K7CT80VG0V6EXB1DCWDSJ4G6,servers,01K7CT80TJSWRN85NZVY8H1P0V,🖥️,0,false,market
01K7CT80VGK5N4ZXSQ8APBYKRN,powerline,01K7CT80VDS5NDNV07ZCXBG0KD,⚡,0,false,market
01K7CT80VHV0XQJ1NJJNFT8HQZ,storage-systems,01K7CT80VG0V6EXB1DCWDSJ4G6,💽,0,false,market
01K7CT80VJ1T5A9MP34XNXGRWG,server-parts,01K7CT80VG0V6EXB1DCWDSJ4G6,🖥️,0,false,market
01K7CT80VJ5FYVBXC1NQRQVESE,office-equipment,01K7CT80TJSWRN85NZVY8H1P0V,🖨️,0,false,market
01K7CT80VKAS08KZCGYSPJ9Q57,mfu,01K7CT80VJ5FYVBXC1NQRQVESE,🖨️,0,false,market
01K7CT80VKYJ9YVYY65G3N0V2H,printers,01K7CT80VJ5FYVBXC1NQRQVESE,🖨️,0,false,market
01K7CT80VM77SSGHKVDR0NFS0J,copiers,01K7CT80VJ5FYVBXC1NQRQVESE,💼,0,false,market
01K7CT80VMEKQ8NCKAD3P7JC29,scanners,01K7CT80VJ5FYVBXC1NQRQVESE,📠,0,false,market
01K7CT80VN5V544H5D7BPB41ZF,supplies,01K7CT8117WX52VP5G7SBZ9VD1,📦,0,false,market
01K7CT80VNHPRQW16JRNFKM2PH,projectors,01K7CT80VJ5FYVBXC1NQRQVESE,📽️,0,false,market
01K7CT80VNJFSVBNRF7C14P6E0,software,01K7NWXHAWMX8HMCHVM8QD1551,💿,0,false,market
01K7CT80VPJ1KH2R7BY3A6RSJG,os,01K7CT80VNJFSVBNRF7C14P6E0,⚙️,0,false,market
01K7CT80VPXFTS0JGXEMPJXMN6,office,01K7CT80VNJFSVBNRF7C14P6E0,💼,0,false,market
01K7CT80VQE4EM8EBZ3SFWWA0J,antivirus,01K7CT80VNJFSVBNRF7C14P6E0,🛡️,0,false,market
01K7CT80VQHTT2F186NCZ4ES85,graphics,01K7CT80VNJFSVBNRF7C14P6E0,🎨,0,false,market
01K7CT80VR3KGTJ9C1ABF099SS,development,01K7CT80VNJFSVBNRF7C14P6E0,💻,0,false,market
01K7CT80VR4V64H4FRTDV2AENN,gaming,01K7CT80TJSWRN85NZVY8H1P0V,🎮,0,false,market
01K7CT80VS78DDC85B3T7E4G2S,playstation,01K7CT80VR4V64H4FRTDV2AENN,🎮,0,false,market
01K7CT80VSXN1D9SVRGMWJX7BC,xbox,01K7CT80VR4V64H4FRTDV2AENN,🎮,0,false,market
01K7CT80VT2VC38A9ZQKNKP42M,console-games,01K7CT80VR4V64H4FRTDV2AENN,🎮,0,false,market
01K7CT80VTBEZ3RPSKMC1BFBQ9,nintendo,01K7CT80VR4V64H4FRTDV2AENN,🎮,0,false,market
01K7CT80VVCPQX356QCH1KZ8QC,phones,01K7CT80TJSWRN85NZVY8H1P0V,📱,2,false,market
01K7CT80VVJ6JB018B9EA6ZFYV,pc-games,01K7CT80VR4V64H4FRTDV2AENN,🎮,0,false,market
01K7CT80VW1499ZJW4EHT3CSK1,feature-phones,01K7CT80VW3J2SX8J0KT8C21AP,📱,0,false,market
01K7CT80VW3J2SX8J0KT8C21AP,mobile-phones,01K7CT80VVCPQX356QCH1KZ8QC,📱,0,false,market
01K7CT80VWDA679GZA3J106P0F,smartphones,01K7CT80VW3J2SX8J0KT8C21AP,📱,0,false,market
01K7CT80VX1T0BBBT32A6QGRK1,walkie-talkies,01K7CT80VW3J2SX8J0KT8C21AP,📱,0,false,market
01K7CT80VYVD835QFPHXKDS44Z,chargers,01K7CT80VVCPQX356QCH1KZ8QC,🔋,0,false,market
01K7CT80VZ4VWHC8WNS1ZSXSZV,cables,01K7CT80VVCPQX356QCH1KZ8QC,🔌,0,false,market
01K7CT80VZSKH2KXHPJ9DQE1J6,screen-protectors,01K7CT80VVCPQX356QCH1KZ8QC,📱,0,false,market
01K7CT80W0GWRSCCKYWHPKY4YM,holders,01K7CT80VVCPQX356QCH1KZ8QC,📱,0,false,market
01K7CT80W1V9SGHSXD1DBQTMHV,powerbanks,01K7CT80VVCPQX356QCH1KZ8QC,🔋,0,false,market
01K7CT80W1X5JY9KCN920EXZE3,wireless-chargers,01K7CT80VVCPQX356QCH1KZ8QC,🔌,0,false,market
01K7CT80W25K7W4JTXKK8CA6SW,smartwatches,01K7CT80W2K14QEN5NGJ8GPW1J,⌚,0,false,market
01K7CT80W2K14QEN5NGJ8GPW1J,wearables,01K7CT80VVCPQX356QCH1KZ8QC,⌚,0,false,market
01K7CT80W2NA0ABN1F91B2XYZG,fitness-trackers,01K7CT80W2K14QEN5NGJ8GPW1J,🏋️,0,false,market
01K7CT80W34NYNZ1NFAEZ9EAGE,watch-accessories,01K7CT80W2K14QEN5NGJ8GPW1J,⌚,0,false,market
01K7CT80W3PS49XEEX71TT9NBY,phone-parts,01K7CT80VVCPQX356QCH1KZ8QC,🔧,0,false,market
01K7CT80W41SG7ZXV1C1R9210Y,displays,01K7CT80W3PS49XEEX71TT9NBY,🖥️,0,false,market
01K7CT80W4A45W701976RP47XY,batteries,01K7CT80W3PS49XEEX71TT9NBY,🔋,0,false,market
01K7CT80W58JYWYYE96FMENQ8K,cameras,01K7CT80ZWVZ5BK299S86N2DKR,📷,0,false,market
01K7CT80W5Z9BFPHJNVP6S4177,flex-cables,01K7CT80W3PS49XEEX71TT9NBY,🔌,0,false,market
01K7CT80W61XCSW3ECN1QT3NNJ,appliances,01K7M9YVK4G7MYJBP0G4QYQDQQ,🔌,11,false,market
01K7CT80W6DQM5C7EKRYDJGD4E,major-appliances,01K7CT80W61XCSW3ECN1QT3NNJ,❄️,0,false,market
01K7CT80W7JYQF76ESFYATQ5E4,washing-machines,01K7CT80W6DQM5C7EKRYDJGD4E,🌀,0,false,market
01K7CT80W7T6Y6MHAM6G6FT7M0,refrigerators,01K7CT80W6DQM5C7EKRYDJGD4E,❄️,0,false,market
01K7CT80W83Y11JVC38DY590E8,stoves-ovens,01K7CT80W6DQM5C7EKRYDJGD4E,🔥,0,false,market
01K7CT80W8XR7BYEZPNHHZJKCB,dishwashers,01K7CT80W6DQM5C7EKRYDJGD4E,🧽,0,false,market
01K7CT80W9AHNHGHR4WSCK841Q,water-heaters,01K7CT80W6DQM5C7EKRYDJGD4E,🔥,0,false,market
01K7CT80W9JB407RMTN40DJ47V,air-conditioners,01K7CT80W6DQM5C7EKRYDJGD4E,❄️,0,false,market
01K7CT80WA3KP7GN9BKPDJSNDR,small-appliances,01K7CT80W61XCSW3ECN1QT3NNJ,☕,0,false,market
01K7CT80WAW8ENVWTGP6GC1847,dryers,01K7CT80W6DQM5C7EKRYDJGD4E,🌀,0,false,market
01K7CT80WBBMSZW5ZDH8EC43GK,vacuum-cleaners,01K7CT80WA3KP7GN9BKPDJSNDR,🧹,0,false,market
01K7CT80WBQ1QR7QQ0TQ966KVF,irons-steamers,01K7CT80WA3KP7GN9BKPDJSNDR,👔,0,false,market
01K7CT80WBRE01FAN17E5KH404,sewing-machines,01K7CT80WA3KP7GN9BKPDJSNDR,🪡,0,false,market
01K7CT80WC03QTTZNVGF8JB82X,fans-heaters,01K7CT80WA3KP7GN9BKPDJSNDR,🔥,0,false,market
01K7CT80WCASAQK1G081JB83D3,air-purifiers,01K7CT80WA3KP7GN9BKPDJSNDR,💨,0,false,market
01K7CT80WD0VEXX6G0W3T30N7T,kitchen-appliances,01K7CT80W61XCSW3ECN1QT3NNJ,🍳,0,false,market
01K7CT80WD8BDKDTV6H573GH7C,microwaves,01K7CT80WD0VEXX6G0W3T30N7T,🍳,0,false,market
01K7CT80WE0QHNQR489PS7DRAH,blenders-mixers,01K7CT80WD0VEXX6G0W3T30N7T,🥤,0,false,market
01K7CT80WE8NS603CXPE73DKND,multicookers,01K7CT80WD0VEXX6G0W3T30N7T,🍲,0,false,market
01K7CT80WF6DSA57N278DAWKQE,coffee-makers,01K7CT80WD0VEXX6G0W3T30N7T,☕,0,false,market
01K7CT80WFQJH2ZE0VX2EXJMH0,kettles,01K7CT80WD0VEXX6G0W3T30N7T,🫖,0,false,market
01K7CT80WGPAYP110AJK1EWZZG,food-processors,01K7CT80WD0VEXX6G0W3T30N7T,🍴,0,false,market
01K7CT80WGWZC1NBGQMMCN16B7,toasters,01K7CT80WD0VEXX6G0W3T30N7T,🍞,0,false,market
01K7CT80WHF8HDYXGQPBV1087S,juicers,01K7CT80WD0VEXX6G0W3T30N7T,🍊,0,false,market
01K7CT80WHN797VD2SEQMYZQWM,meat-grinders,01K7CT80WD0VEXX6G0W3T30N7T,⚙️,0,false,market
01K7CT80WJQKC94VRB86BKYDKM,home-garden,01K7M9YVK4G7MYJBP0G4QYQDQQ,🏡,12,false,market
01K7CT80WJZAWA19BKJM42W5B2,kitchen-scales,01K7CT80WD0VEXX6G0W3T30N7T,⚖️,0,false,market
01K7CT80WKH2PHYQ5EFY30YKZG,living-room,01K7CT80WKJSV76DP8ZEYRV2ZA,🛋️,0,false,market
01K7CT80WKJSV76DP8ZEYRV2ZA,furniture,01K7CT80WJQKC94VRB86BKYDKM,🛋️,0,false,market
01K7CT80WMD73VXR27V3YCKA9D,kitchen-dining,01K7CT80WKJSV76DP8ZEYRV2ZA,🍽️,0,false,market
01K7CT80WMQTVEM346RRQ6XAC8,bedroom,01K7CT80WKJSV76DP8ZEYRV2ZA,🛏️,0,false,market
01K7CT80WN33DRA0PDKZNQXQYH,hallway,01K7CT80WKJSV76DP8ZEYRV2ZA,🚪,0,false,market
01K7CT80WNN3RM7J30M1H213WP,bathroom,01K7CT80WKJSV76DP8ZEYRV2ZA,🚿,0,false,market
01K7CT80WPE1CZSTZEGPMV19QD,office-furniture,01K7CT80WKJSV76DP8ZEYRV2ZA,🪑,0,false,market
01K7CT80WPQ60Z2X9YMTVXZWJC,garden-furniture,01K7CT80WKJSV76DP8ZEYRV2ZA,🌱,0,false,market
01K7CT80WQ4EN56R53EJ9N017A,interior-decor,01K7CT80WJQKC94VRB86BKYDKM,🖼️,0,false,market
01K7CT80WQ9KQ344H4SA5EFKTV,lighting,01K7CT80WQ4EN56R53EJ9N017A,💡,0,false,market
01K7CT80WQNSRPZX9S1WVQB68J,children-furniture,01K7CT80WKJSV76DP8ZEYRV2ZA,🪑,0,false,market
01K7CT80WR1019PSX2CJ4Q3QA4,curtains,01K7CT80WQ4EN56R53EJ9N017A,🪟,0,false,market
01K7CT80WR4TYJ5B1YVQRAHSQF,textiles,01K7CT80WQ4EN56R53EJ9N017A,🧵,0,false,market
01K7CT80WS15NKX6WDGTKGWH8N,mirrors,01K7CT80WQ4EN56R53EJ9N017A,🪞,0,false,market
01K7CT80WST8C7GWPAWSBCB45J,carpets,01K7CT80WQ4EN56R53EJ9N017A,🧶,0,false,market
01K7CT80WT43C4JMMF9EHQXJXW,art,01K7CT80ZP4V375EHJ6YV39E9V,🖼️,0,false,market
01K7CT80WTJK7Z5FAEFJCWFRJR,decorative,01K7CT80WQ4EN56R53EJ9N017A,🏺,0,false,market
01K7CT80WV2EC5Z0TPHR9A4EK5,clocks,01K7CT80WQ4EN56R53EJ9N017A,🕰️,0,false,market
01K7CT80WV4Y4SZNQQ3ZTY56HM,kitchenware,01K7CT80WJQKC94VRB86BKYDKM,🍴,0,false,market
01K7CT80WW5TZH032EJNJS9WM9,tableware,01K7CT80WV4Y4SZNQQ3ZTY56HM,🍽️,0,false,market
01K7CT80WW8525DM2SCP0WJ58F,cookware,01K7CT80WV4Y4SZNQQ3ZTY56HM,🍳,0,false,market
01K7CT80WX53RAMTZYKZMCKEX1,food-storage,01K7CT80WV4Y4SZNQQ3ZTY56HM,🍽️,0,false,market
01K7CT80WX61BFHP11ECA7DC0M,cutlery,01K7CT80WV4Y4SZNQQ3ZTY56HM,🍴,0,false,market
01K7CT80WY6K490SZ1PDWGH9B2,tools,01K7CT80WJQKC94VRB86BKYDKM,🔧,0,false,market
01K7CT80WYZ6WSD88F7ASJF0R6,kitchen-accessories,01K7CT80WV4Y4SZNQQ3ZTY56HM,🧂,0,false,market
01K7CT80WZZTGW2A9F4XDPF5SD,hand-tools,01K7CT80WY6K490SZ1PDWGH9B2,🔧,0,false,market
01K7CT80WZZYYRZFMSE9M6YP7W,power-tools,01K7CT80WY6K490SZ1PDWGH9B2,🔧,0,false,market
01K7CT80X0KR90J6DKGAEC0G19,measuring-tools,01K7CT80WY6K490SZ1PDWGH9B2,📏,0,false,market
01K7CT80X0YDT8P96Z8PR1YBZB,garden-equipment,01K7CT80WY6K490SZ1PDWGH9B2,🌱,0,false,market
01K7CT80X1V60QDC5SE7F9VYZD,garden,01K7CT80WJQKC94VRB86BKYDKM,🌻,0,false,market
01K7CT80X1Z0S27N59STV4D9N8,generators-welding,01K7CT80WY6K490SZ1PDWGH9B2,⚡,0,false,market
01K7CT80X2995TWBYZTCQGK5EE,garden-tools,01K7CT80X1V60QDC5SE7F9VYZD,🔧,0,false,market
01K7CT80X2F02FSA826FNY63Y2,fertilizers,01K7CT80X1V60QDC5SE7F9VYZD,🌱,0,false,market
01K7CT80X2WTQ2N13GHFXAVTDA,plants-seeds,01K7CT80X1V60QDC5SE7F9VYZD,🌿,0,false,market
01K7CT80X34MPF4GDC9FE1N633,irrigation,01K7CT80X1V60QDC5SE7F9VYZD,💧,0,false,market
01K7CT80X3TSN9YXQ6FCPZFKQD,greenhouses,01K7CT80X1V60QDC5SE7F9VYZD,🏡,0,false,market
01K7CT80X46VWCQQZ3QCEC0ATE,lawn,01K7CT80X1V60QDC5SE7F9VYZD,🌾,0,false,market
01K7CT80X5M39W5SF2C3EBJXQY,building-materials,01K7MMNEJGBBSQXW43AE33CZ5Z,🏗️,0,false,market
01K7CT80X5YVP579GY34DEQCPH,finishing-materials,01K7MMNEJGBBSQXW43AE33CZ5Z,🏗️,0,false,market
01K7CT80X60PB9QWAEYYVTCD8J,plumbing,01K7MMNEJGBBSQXW43AE33CZ5Z,🚰,0,false,market
01K7CT80X6CF24K90B6CG3AXX8,electrical,01K7MMNEJGBBSQXW43AE33CZ5Z,⚡,0,false,market
01K7CT80X7GPYHY8CQWTG2EVNQ,windows-doors,01K7MMNEJGBBSQXW43AE33CZ5Z,🚪,0,false,market
01K7CT80X7TXMQ870H2X20800J,flooring,01K7MMNEJGBBSQXW43AE33CZ5Z,🏗️,0,false,market
01K7CT80X88HEQN5YMHJ2KPH3G,women-clothing,01K7CT80X8XK08BHHKC96JVYTX,👗,0,false,market
01K7CT80X8XK08BHHKC96JVYTX,fashion,01K7M9YVK4G7MYJBP0G4QYQDQQ,👔,3,false,market
01K7CT80X9BJZZX0T7BV8YRNZ8,outerwear,01K7CT80XCAPYPDXZRSX804ZBF,👔,0,false,market
01K7CT80X9C5FJ0QM5R68BX3ZJ,dresses-skirts,01K7CT80X88HEQN5YMHJ2KPH3G,👗,0,false,market
01K7CT80XAA8JKYD0C6S55B2MN,pants-jeans,01K7CT80XCAPYPDXZRSX804ZBF,👔,0,false,market
01K7CT80XAM6FJTV4ESP2Q02E8,blouses-shirts,01K7CT80X88HEQN5YMHJ2KPH3G,👔,0,false,market
01K7CT80XB20G8C7CQMR022M24,sportswear,01K7CT80XCAPYPDXZRSX804ZBF,⚽,0,false,market
01K7CT80XBQF21VFJGF724NGTA,knitwear,01K7CT80X88HEQN5YMHJ2KPH3G,👔,0,false,market
01K7CT80XCAPYPDXZRSX804ZBF,men-clothing,01K7CT80X8XK08BHHKC96JVYTX,👔,0,false,market
01K7CT80XCCY23FNQ2NC8Z528T,homewear,01K7CT80X88HEQN5YMHJ2KPH3G,👔,0,false,market
01K7CT80XCW1ETCAH681RRJV31,lingerie-swimwear,01K7CT80X88HEQN5YMHJ2KPH3G,👔,0,false,market
01K7CT80XDDF6HAXKSQGTFFMV4,suits-jackets,01K7CT80XCAPYPDXZRSX804ZBF,👔,0,false,market
01K7CT80XEHN2M89BB908KEDJW,shirts,01K7CT80XCAPYPDXZRSX804ZBF,👔,0,false,market
01K7CT80XF600SJVZ4T1REFV4C,tshirts-polo,01K7CT80XCAPYPDXZRSX804ZBF,👔,0,false,market
01K7CT80XGS79K8NX6GF3MY1GP,underwear,01K7CT80XCAPYPDXZRSX804ZBF,👔,0,false,market
01K7CT80XGT9XWE6CQPD9QT0T4,women-shoes,01K7CT80X8XK08BHHKC96JVYTX,👠,0,false,market
01K7CT80XHFXY1DAWFCQ3FHXFQ,pumps,01K7CT80XGT9XWE6CQPD9QT0T4,👞,0,false,market
01K7CT80XHMXACWC5XABCE4C4A,boots,01K7CT80XM6J1G4MYBYBX1BG7B,🥾,0,false,market
01K7CT80XJ0EXW6BETZT6QA610,sneakers,01K7CT80XM6J1G4MYBYBX1BG7B,👟,0,false,market
01K7CT80XJ9A2YGGHPADHQRAJQ,ankle-boots,01K7CT80XM6J1G4MYBYBX1BG7B,🥾,0,false,market
01K7CT80XK7MN7QE6J8ZHM9X6A,flats,01K7CT80XGT9XWE6CQPD9QT0T4,👞,0,false,market
01K7CT80XKQVKXRKDYBM50FQZ6,sandals,01K7CT80XM6J1G4MYBYBX1BG7B,👡,0,false,market
01K7CT80XM6J1G4MYBYBX1BG7B,men-shoes,01K7CT80X8XK08BHHKC96JVYTX,👞,0,false,market
01K7CT80XMPPGF4YV04C2GG8T7,slippers,01K7CT80XM6J1G4MYBYBX1BG7B,👞,0,false,market
01K7CT80XNBZ63ACGZZZT7HZ1X,dress-shoes,01K7CT80XM6J1G4MYBYBX1BG7B,👞,0,false,market
01K7CT80XR573AQTDWB2SF13YG,bags-backpacks,01K7CT80X8XK08BHHKC96JVYTX,🎒,0,false,market
01K7CT80XRTQ50JG5RRC4820C3,watches,01K7CT80X8XK08BHHKC96JVYTX,⌚,0,false,market
01K7CT80XS09H1KXRYDKNDAQ4T,jewelry,01K7CT80X8XK08BHHKC96JVYTX,💍,0,false,market
01K7CT80XSQ3SS2RJGGV0R3B9B,fashion-jewelry,01K7CT80X8XK08BHHKC96JVYTX,💎,0,false,market
01K7CT80XT3RJVFPKQVQV6ZC00,hats,01K7CT80X8XK08BHHKC96JVYTX,🎩,0,false,market
01K7CT80XT4NNPG1R6Y5G451HT,glasses,01K7CT80X8XK08BHHKC96JVYTX,👓,0,false,market
01K7CT80XV4WS2KXE6FXNR0ZMK,belts,01K7CT80X8XK08BHHKC96JVYTX,⚫,0,false,market
01K7CT80XVZ21DAV6AA7MQDA8Y,scarves,01K7CT80X8XK08BHHKC96JVYTX,🧣,0,false,market
01K7CT80XW15AK84JA3QXF4TF2,wallets,01K7CT80X8XK08BHHKC96JVYTX,👛,0,false,market
01K7CT80XW16XNKJ59T0EF12RJ,gloves,01K7CT80X8XK08BHHKC96JVYTX,🧤,0,false,market
01K7CT80XX791RV0X1EKQZFNEK,beauty-health,01K7M9YVK4G7MYJBP0G4QYQDQQ,💄,4,false,market
01K7CT80XXTZRH434FR4GT9009,perfumes,01K7CT80XX791RV0X1EKQZFNEK,🌸,0,true,market
01K7CT80XYBCPVFBN1CWHHKZN5,women-perfumes,01K7CT80XXTZRH434FR4GT9009,🌸,0,true,market
01K7CT80XYK0WJ716M4W99K5KX,men-perfumes,01K7CT80XXTZRH434FR4GT9009,🌸,0,true,market
01K7CT80XZ1JCAKAJVX3M5HQCD,unisex-perfumes,01K7CT80XXTZRH434FR4GT9009,💐,0,true,market
01K7CT80XZ8FPA3XR6Y3E0CHPF,cleansing,01K7CT80XZMMT3JJ2V0W709NMF,🧴,0,true,market
01K7CT80XZMMT3JJ2V0W709NMF,face-care,01K7CT80XX791RV0X1EKQZFNEK,😊,0,true,market
01K7CT80Y00S1XEDAJ4DYKZGG5,moisturizing,01K7CT80XZMMT3JJ2V0W709NMF,💧,0,true,market
01K7CT80Y0QVEC720KE975DB9B,masks,01K7CT80XZMMT3JJ2V0W709NMF,😷,0,true,market
01K7CT80Y1NQKK7KSR8DDXFMDF,anti-aging,01K7CT80XZMMT3JJ2V0W709NMF,✨,0,true,market
01K7CT80Y1V2CFE9MWR0HZ5SB5,serums,01K7CT80XZMMT3JJ2V0W709NMF,💧,0,true,market
01K7CT80Y2XC44NHGR3YQZ5RJ7,makeup,01K7CT80XX791RV0X1EKQZFNEK,💅,0,true,market
01K7CT80Y5WKN21190JNKYCWHR,hair-care,01K7CT80XX791RV0X1EKQZFNEK,✂️,0,true,market
01K7CT80Y5Y4C3NXGY6KDV761V,shampoos-conditioners,01K7CT80Y5WKN21190JNKYCWHR,🧴,0,true,market
01K7CT80Y64N42TJ2XK4ASWA71,hair-masks-oils,01K7CT80Y5WKN21190JNKYCWHR,🧴,0,true,market
01K7CT80Y6MJP02JJTMKGZHHXP,styling,01K7CT812R4W4N03ZYXY1P73N1,✨,0,false,market|directory
01K7CT80Y7GRDHX7E7VBXS6C72,hair-color,01K7CT80Y5WKN21190JNKYCWHR,🎨,0,true,market
01K7CT80Y7XNZHB3G8CPZJ5JNA,body-care,01K7CT80XX791RV0X1EKQZFNEK,💖,0,true,market
01K7CT80Y827S4V3XKVH4BYVDB,body-lotions,01K7CT80Y7XNZHB3G8CPZJ5JNA,🧴,0,true,market
01K7CT80Y8T6T35CEM74A28XXK,shower-gels-soap,01K7CT80Y7XNZHB3G8CPZJ5JNA,🧼,0,true,market
01K7CT80Y90R10T6BC4H5HFEJB,scrubs,01K7CT80Y7XNZHB3G8CPZJ5JNA,🧴,0,true,market
01K7CT80Y9MDR3NB7GMG7RSDSD,deodorants,01K7CT80Y7XNZHB3G8CPZJ5JNA,🧴,0,true,market
01K7CT80YA20FTYF0RTVXRFY86,beauty-devices,01K7CT80XX791RV0X1EKQZFNEK,✨,0,false,market
01K7CT80YA8Q02F9SS2V8HYHEV,hair-removal,01K7CT812Q9GHS966J9RTQB7NX,✨,0,false,market|directory
01K7CT80YBG4VQC9KP9F45207S,hair-dryers-stylers,01K7CT80YA20FTYF0RTVXRFY86,🌀,0,false,market
01K7CT80YBGBV0Y2DW2YSA6YXR,straighteners-curlers,01K7CT80YA20FTYF0RTVXRFY86,💇‍♀️,0,false,market
01K7CT80YBSTJCCQDWB9Y8TS8N,epilators,01K7CT80YA20FTYF0RTVXRFY86,💇,0,false,market
01K7CT80YCD2MHHG16H9R33RV2,manicure-sets,01K7CT80YA20FTYF0RTVXRFY86,💇,0,false,market
01K7CT80YCNKR81D2XDWTD7Q90,massagers,01K7CT80YA20FTYF0RTVXRFY86,💆,0,false,market
01K7CT80YDJ27QSVW1C5VV3NY3,health,01K7CT80XX791RV0X1EKQZFNEK,🏃,0,false,market
01K7CT80YDY64BTKA6F9JDFDZQ,medical-devices,01K7CT80YDJ27QSVW1C5VV3NY3,⚕️,0,false,market
01K7CT80YE3MCHNYXB8MZHV1KZ,vitamins-supplements,01K7CT80YDJ27QSVW1C5VV3NY3,💊,0,false,market
01K7CT80YEYNN5P5YS49ZRR9NQ,orthopedics,01K7CT80YDJ27QSVW1C5VV3NY3,🦴,0,false,market
01K7CT80YF4V8B3AQ6K0ZGBBEZ,hygiene,01K7CT80YDJ27QSVW1C5VV3NY3,🧼,0,true,market
01K7CT80YF6N9W7C9ATZB1V6C6,kids,01K7M9YVK4G7MYJBP0G4QYQDQQ,👶,5,false,market
01K7CT80YG0QDHWJZ9W38148W5,kids-clothing-shoes,01K7CT80YF6N9W7C9ATZB1V6C6,👶,0,false,market
01K7CT80YG9C0Z68GV5Y9A9B4A,baby-clothing,01K7CT80YG0QDHWJZ9W38148W5,👔,0,false,market
01K7CT80YH4N9YKCQXY5A254ET,children-clothing,01K7CT80YG0QDHWJZ9W38148W5,👔,0,false,market
01K7CT80YH99BP5T5BS92S38ZJ,toddler-clothing,01K7CT80YG0QDHWJZ9W38148W5,👔,0,false,market
01K7CT80YJCBJP0825GH7N7F7S,school-clothing,01K7CT80YG0QDHWJZ9W38148W5,👔,0,false,market
01K7CT80YJW4CC4WH2462MA7HQ,teen-clothing,01K7CT80YG0QDHWJZ9W38148W5,👔,0,false,market
01K7CT80YKECAD8EX7M9YA8SGZ,strollers-carseats,01K7CT80YF6N9W7C9ATZB1V6C6,👶,0,false,market
01K7CT80YKQM2RRZN8YR69TDE2,strollers,01K7CT80YKECAD8EX7M9YA8SGZ,🚼,0,false,market
01K7CT80YKRM309751KK2DRBAA,kids-shoes,01K7CT80YG0QDHWJZ9W38148W5,👞,0,false,market
01K7CT80YM0WXADX021BPKGYD8,car-seats,01K7CT80YKECAD8EX7M9YA8SGZ,🚗,0,false,market
01K7CT80YMJ2X3PSEXG96RG4W9,baby-carriers,01K7CT80YKECAD8EX7M9YA8SGZ,👶,0,false,market
01K7CT80YPQMAXSK0P9HH1Y25D,cribs,01K7CT80YPSPY64GC75XZ3N4VE,🛏️,0,false,market
01K7CT80YPSPY64GC75XZ3N4VE,kids-furniture,01K7CT80YF6N9W7C9ATZB1V6C6,🛏️,0,false,market
01K7CT80YQ1RN0AJHCEQ9A10WV,dressers,01K7CT80YPSPY64GC75XZ3N4VE,🪑,0,false,market
01K7CT80YQ5XV87EF31GXE8WGM,high-chairs,01K7CT80YPSPY64GC75XZ3N4VE,🪑,0,false,market
01K7CT80YRSX61FSH2ZAFGF1YW,tables-chairs,01K7CT80YPSPY64GC75XZ3N4VE,🪑,0,false,market
01K7CT80YSN023JF6RANSHAM9B,feeding,01K7CT80YF6N9W7C9ATZB1V6C6,🍼,0,false,market
01K7CT80YSRPTHKC8409F6N1X2,bottles-nipples,01K7CT80YSN023JF6RANSHAM9B,🍼,0,false,market
01K7CT80YTE5S7DKYY3WC1EJDD,baby-food,01K7CT80YSN023JF6RANSHAM9B,🍽️,0,false,market
01K7CT80YV4MX7CPG1KD82XMBH,breast-pumps,01K7CT80YSN023JF6RANSHAM9B,👶,0,false,market
01K7CT80YVJH4KHZT8P50JT2Q1,kids-hygiene,01K7CT80YF6N9W7C9ATZB1V6C6,🧼,0,true,market
01K7CT80YVP83EZD4KGE0C505J,warmers-sterilizers,01K7CT80YSN023JF6RANSHAM9B,♨️,0,false,market
01K7CT80YWBXPDVHXBA10EKD14,diapers,01K7CT80YVJH4KHZT8P50JT2Q1,👶,0,true,market
01K7CT80YWY0ZANQSBPBTAJR1M,wipes,01K7CT80YVJH4KHZT8P50JT2Q1,🧻,0,true,market
01K7CT80YX1E51ANK70XNE83S9,baby-cosmetics,01K7CT80YVJH4KHZT8P50JT2Q1,🧴,0,true,market
01K7CT80YXXCJX8ZYBYFWCDXPZ,bath-accessories,01K7CT80YVJH4KHZT8P50JT2Q1,🛁,0,false,market
01K7CT80YY4S5S2PSHNZPXNTEP,potty-training,01K7CT80YVJH4KHZT8P50JT2Q1,🚽,0,true,market
01K7CT80YYBS8RZ5KT08DQ89CF,toys,01K7CT80YF6N9W7C9ATZB1V6C6,🧸,0,false,market
01K7CT80YZ4ZHNVZAWVHQ53QXK,baby-toys,01K7CT80YYBS8RZ5KT08DQ89CF,🧸,0,false,market
01K7CT80YZR8NQP28HMJ767N5B,dolls,01K7CT80YYBS8RZ5KT08DQ89CF,🪆,0,false,market
01K7CT80Z0F9FQZM7SS525Y40Z,toy-vehicles,01K7CT80YYBS8RZ5KT08DQ89CF,🚗,0,false,market
01K7CT80Z0FAE0J6X73W5G5K86,construction-toys,01K7CT80YYBS8RZ5KT08DQ89CF,🏗️,0,false,market
01K7CT80Z1X88QNST94TJBAB7X,educational-toys,01K7CT80YYBS8RZ5KT08DQ89CF,🧸,0,false,market
01K7CT80Z2J184W2KE56WXRWDZ,plush-toys,01K7CT80YYBS8RZ5KT08DQ89CF,🧸,0,false,market
01K7CT80Z2VZQ4V521N5AWM50W,board-games,01K7CT80YYBS8RZ5KT08DQ89CF,🎲,0,false,market
01K7CT80Z335C9WPT2HTXJKHR3,musical-toys,01K7CT80YYBS8RZ5KT08DQ89CF,🧸,0,false,market
01K7CT80Z3T8P4EN6RBQXVR326,rc-toys,01K7CT80YYBS8RZ5KT08DQ89CF,🧸,0,false,market
01K7CT80Z44YWFBMX4T5W7689P,outdoor-toys,01K7CT80YYBS8RZ5KT08DQ89CF,🧸,0,false,market
01K7CT80Z4T3PWJGKH0F8C7591,school-supplies,01K7CT80YF6N9W7C9ATZB1V6C6,🎓,0,false,market
01K7CT80Z5R2RD0AQB2ZGQDPZX,school-bags,01K7CT80Z4T3PWJGKH0F8C7591,🎒,0,false,market
01K7CT80Z6HD8QT8QFBKFSTBG7,stationery,01K7CT80Z4T3PWJGKH0F8C7591,✏️,0,false,market
01K7CT80Z6KEFDYBW4RNG81X0Z,school-books,01K7CT80Z4T3PWJGKH0F8C7591,📚,0,false,market
01K7CT80Z7M3QP0FR82CNM0JES,hobby-sports,01K7M9YVK4G7MYJBP0G4QYQDQQ,⚽,6,false,market
01K7CT80Z7QYEDTS5FGRDFNBCC,sports-equipment,01K7CT80Z7M3QP0FR82CNM0JES,🏋️,0,false,market
01K7CT80Z876CDK1CCP4ZZD0G8,gym-equipment,01K7CT80Z7QYEDTS5FGRDFNBCC,⚽,0,false,market
01K7CT80Z8D54CJ37K5RAA43A9,cardio,01K7CT80Z7QYEDTS5FGRDFNBCC,⚽,0,false,market
01K7CT80Z9TW4T85ZMKG23SE5K,sports-nutrition,01K7CT80Z7QYEDTS5FGRDFNBCC,⚽,0,false,market
01K7CT80Z9ZX7WGVH6YRRQGRTE,weights,01K7CT80Z7QYEDTS5FGRDFNBCC,⚽,0,false,market
01K7CT80ZA8M6NY3BXF8YFJJ3M,skis,01K7CT80ZAXZZQT769TZ3DX3BV,⛷️,0,false,market
01K7CT80ZAXZZQT769TZ3DX3BV,winter-sports,01K7CT80Z7M3QP0FR82CNM0JES,⛷️,0,false,market
01K7CT80ZBTX6DTPSJACDT9A74,snowboards,01K7CT80ZAXZZQT769TZ3DX3BV,🏂,0,false,market
01K7CT80ZBY84WTZHPXB4GDWWS,ice-skates,01K7CT80ZAXZZQT769TZ3DX3BV,⚽,0,false,market
01K7CT80ZCQ89P4RXDFNM1XQ96,winter-gear,01K7CT80ZAXZZQT769TZ3DX3BV,⚽,0,false,market
01K7CT80ZD01EY2Y8AKG2W3BPZ,sleeping-bags,01K7MMNEJRP7PF4AGSGAE2WEGY,🛏️,0,false,market
01K7CT80ZDS0W9HPNSV5XT2RD8,tents,01K7MMNEJRP7PF4AGSGAE2WEGY,⛺,0,false,market
01K7CT80ZE94KTR7JD5J57DCQZ,hiking-backpacks,01K7MMNEJRP7PF4AGSGAE2WEGY,🎒,0,false,market
01K7CT80ZEKMCGMYNAHR1ZE1TD,camping-cookware,01K7MMNEJRP7PF4AGSGAE2WEGY,🍳,0,false,market
01K7CT80ZF47EFAKESPMN7DMNS,water-bottles,01K7MMNEJRP7PF4AGSGAE2WEGY,🍵,0,false,market
01K7CT80ZFQG659XPHB0NB247B,fishing-hunting,01K7CT80Z7M3QP0FR82CNM0JES,🎣,0,false,market
01K7CT80ZG3QGYDTJTTX7GY8SH,fish-finders,01K7CT80ZFQG659XPHB0NB247B,🐠,0,false,market
01K7CT80ZGBM6PS8V7PDHXFRR9,fishing-rods-reels,01K7CT80ZFQG659XPHB0NB247B,🎣,0,false,market
01K7CT80ZGYXK2QWF13ZH6SA0W,fishing-tackle,01K7CT80ZFQG659XPHB0NB247B,🎣,0,false,market
01K7CT80ZH3KPG4WRFV954MZ27,hunting-gear,01K7CT80ZFQG659XPHB0NB247B,🎣,0,false,market
01K7CT80ZJ4075J7WYFYB8E2GH,knives,01K7CT80ZFQG659XPHB0NB247B,🎣,0,false,market
01K7CT80ZJ4D8T7EMYMF6AWR32,musical-instruments,01K7CT80Z7M3QP0FR82CNM0JES,🎸,0,false,market
01K7CT80ZKMYNA0052H6KS8J4A,guitars,01K7CT80ZJ4D8T7EMYMF6AWR32,🎸,0,false,market
01K7CT80ZKT49YFGRVJGRET5ZV,keyboards-pianos,01K7CT80ZJ4D8T7EMYMF6AWR32,⌨️,0,false,market
01K7CT80ZM5Z69HJWEHHT21WR2,wind-instruments,01K7CT80ZJ4D8T7EMYMF6AWR32,🎺,0,false,market
01K7CT80ZMSSKB0KDWPKGG60E6,drums,01K7CT80ZJ4D8T7EMYMF6AWR32,🎵,0,false,market
01K7CT80ZNA3APQWME7A07N3YN,music-accessories,01K7CT80ZJ4D8T7EMYMF6AWR32,🎵,0,false,market
01K7CT80ZNAVTJ3CJPA81C4ZKH,audio-equipment,01K7CT80ZJ4D8T7EMYMF6AWR32,🎵,0,false,market
01K7CT80ZP4V375EHJ6YV39E9V,collectibles,01K7CT80Z7M3QP0FR82CNM0JES,🏆,0,false,market
01K7CT80ZPZYVVNBDBYKXDSPDW,coins,01K7CT80ZP4V375EHJ6YV39E9V,🪙,0,false,market
01K7CT80ZQJ66A9QX8KEAKARMV,stamps,01K7CT80ZP4V375EHJ6YV39E9V,📮,0,false,market
01K7CT80ZQK97D1CX20NPB35K4,antiques,01K7CT80ZP4V375EHJ6YV39E9V,🏺,0,false,market
01K7CT80ZRYKPNGY14WQ7VTCE6,models-figures,01K7CT80ZP4V375EHJ6YV39E9V,🚂,0,false,market
01K7CT80ZS1GZPJN0A7QMCH6KG,books-magazines,01K7CT80Z7M3QP0FR82CNM0JES,📚,0,false,market
01K7CT80ZS5CCTS1M0QMQR0Z7B,fiction,01K7CT80ZS1GZPJN0A7QMCH6KG,📖,0,false,market
01K7CT80ZT6V6M8QZY0CRBTJYC,non-fiction,01K7CT80ZS1GZPJN0A7QMCH6KG,📖,0,false,market
01K7CT80ZT87KKTN91MY5P8CG9,textbooks,01K7CT80ZS1GZPJN0A7QMCH6KG,📚,0,false,market
01K7CT80ZVBENDHDBP1SYZ7Q93,children-books,01K7CT80ZS1GZPJN0A7QMCH6KG,📚,0,false,market
01K7CT80ZVVPM721TD445VWST3,comics,01K7CT80ZS1GZPJN0A7QMCH6KG,📖,0,false,market
01K7CT80ZWMG9PKV4GZ4JBJK7X,magazines,01K7CT80ZS1GZPJN0A7QMCH6KG,📰,0,false,market
01K7CT80ZWVZ5BK299S86N2DKR,photo-video,01K7CT80TJSWRN85NZVY8H1P0V,📷,0,false,market
01K7CT80ZX61AV221ZWN6TMSEX,lenses,01K7CT80ZWVZ5BK299S86N2DKR,📸,0,false,market
01K7CT80ZY12P8H96RDSDVV9RR,video-cameras,01K7CT80ZWVZ5BK299S86N2DKR,📷,0,false,market
01K7CT80ZYBHH49SXX1DCYDHJ2,action-cameras,01K7CT80ZWVZ5BK299S86N2DKR,📷,0,false,market
01K7CT80ZZD9DWX3GG2F2KBM35,drones,01K7CT80ZWVZ5BK299S86N2DKR,🚁,0,false,market
01K7CT80ZZPCKEPGTXD0E2Z93G,photo-accessories,01K7CT80ZWVZ5BK299S86N2DKR,📷,0,false,market
01K7CT80ZZV3NJM19NYEFTV7DS,tripods-gimbals,01K7CT80ZWVZ5BK299S86N2DKR,⚖️,0,false,market
01K7CT8100A71RZYJ8VT9R33FP,vegetables-fruits,01K7CT8100XBNR36NJ53KVQQR9,🍎,0,true,market
01K7CT8100XBNR36NJ53KVQQR9,food,01K7M9YVK4G7MYJBP0G4QYQDQQ,🍎,8,true,market
01K7CT81011NDYMGQ52XH68D1N,fruits,01K7CT8100A71RZYJ8VT9R33FP,🍎,0,true,market
01K7CT8101BY01YTFCXE5TSKR2,vegetables,01K7CT8100A71RZYJ8VT9R33FP,🥕,0,true,market
01K7CT8102MH7N04NB6CGPCRPB,berries,01K7CT8100A71RZYJ8VT9R33FP,🍓,0,true,market
01K7CT8103CMG7Q2MFF8Q2YMKB,greens,01K7CT8100A71RZYJ8VT9R33FP,🥬,0,true,market
01K7CT81045QKMVPAEJTPANWGQ,dairy,01K7CT8100XBNR36NJ53KVQQR9,🥛,0,true,market
01K7CT81046EY4GZNSV5KX8TYC,mushrooms,01K7CT8100A71RZYJ8VT9R33FP,🍄,0,true,market
01K7CT8104SNSS5KCEJHT25GB2,milk,01K7CT81045QKMVPAEJTPANWGQ,🥛,0,true,market
01K7CT8105EAF34E5Q205X5RDD,cheese,01K7CT81045QKMVPAEJTPANWGQ,🧀,0,true,market
01K7CT8105SS4K4P8MHQ7JKH2H,yogurt,01K7CT81045QKMVPAEJTPANWGQ,🥛,0,true,market
01K7CT8106PMW79ZENZR9J0HDR,cottage-cheese,01K7CT81045QKMVPAEJTPANWGQ,🧀,0,true,market
01K7CT8106W1ZF1A4MDC9XF3C5,butter,01K7CT81045QKMVPAEJTPANWGQ,🧈,0,true,market
01K7CT8107EAQWZCSQKYGSBGCT,meat-poultry,01K7CT8100XBNR36NJ53KVQQR9,🥩,0,true,market
01K7CT8107WFND084PBTCN6N5X,beef,01K7CT8107EAQWZCSQKYGSBGCT,🥩,0,true,market
01K7CT8108JB2BXJXSPVS9CW5Z,pork,01K7CT8107EAQWZCSQKYGSBGCT,🥓,0,true,market
01K7CT8108Q1G2W8AP15SHR9NQ,chicken,01K7CT8107EAQWZCSQKYGSBGCT,🍗,0,true,market
01K7CT81093F71PSS0BZT8PGCB,sausages,01K7CT8107EAQWZCSQKYGSBGCT,🌭,0,true,market
01K7CT8109F18KKEFZ1TY6J59C,turkey,01K7CT8107EAQWZCSQKYGSBGCT,🍗,0,true,market
01K7CT810AZHQYVWD05TTEK861,fresh-fish,01K7CT810AZPPXQ4QMTX4N6HGC,🐠,0,true,market
01K7CT810AZPPXQ4QMTX4N6HGC,fish-seafood,01K7CT8100XBNR36NJ53KVQQR9,🐟,0,true,market
01K7CT810BJ8NFZS8JXTT213ZV,frozen-fish,01K7CT810AZPPXQ4QMTX4N6HGC,🐠,0,true,market
01K7CT810BQ8YNJTXN11YWQ0J9,caviar,01K7CT810AZPPXQ4QMTX4N6HGC,🍽️,0,true,market
01K7CT810BTM1V36TRCH3AN2C1,seafood,01K7CT810AZPPXQ4QMTX4N6HGC,🍽️,0,true,market
01K7CT810CE07QZNX2FSPRZN2Q,bakery,01K7CT8100XBNR36NJ53KVQQR9,🥖,0,true,market|directory
01K7CT810CQ8YS54M4XJNPP8BK,bread,01K7CT810CE07QZNX2FSPRZN2Q,🍞,0,true,market|directory
01K7CT810D2XBKJNEFSNRG27NT,cakes-pastries,01K7CT810CE07QZNX2FSPRZN2Q,🎂,0,true,market|directory
01K7CT810D3KPBNK13SRC0EKFA,rolls-baguettes,01K7CT810CE07QZNX2FSPRZN2Q,🥖,0,true,market|directory
01K7CT810EHN8FKWJ01TC2QGN4,groceries,01K7CT8100XBNR36NJ53KVQQR9,🛒,0,true,market
01K7CT810EQG16S4Y95FN5GSQW,cookies,01K7CT810CE07QZNX2FSPRZN2Q,🍪,0,true,market|directory
01K7CT810FHQJ7W8Y7SCKX9F3Y,cereals-pasta,01K7CT810EHN8FKWJ01TC2QGN4,🥣,0,true,market
01K7CT810FZ8Z4N8EFAWJ8K022,flour-sugar,01K7CT810EHN8FKWJ01TC2QGN4,🥖,0,true,market
01K7CT810G1MNSW8ZYHNQKEY4R,canned-goods,01K7CT810EHN8FKWJ01TC2QGN4,🥫,0,true,market
01K7CT810GRYH8C7SYA5K723NF,oils-sauces,01K7CT810EHN8FKWJ01TC2QGN4,🫒,0,true,market
01K7CT810H2A6GEYJMZZ2T4PFQ,spices,01K7CT810EHN8FKWJ01TC2QGN4,🌶️,0,true,market
01K7CT810H6YYBX1X6K69X1SP6,beverages,01K7CT8100XBNR36NJ53KVQQR9,🥤,0,true,market
01K7CT810K0X0XFNQMF518D302,water,01K7CT810H6YYBX1X6K69X1SP6,🥤,0,true,market
01K7CT810KKP0PSKZHPTRANQDC,juices,01K7CT810H6YYBX1X6K69X1SP6,🥤,0,true,market
01K7CT810MK7B0D22QW1J4XGK1,tea-coffee,01K7CT810H6YYBX1X6K69X1SP6,☕,0,true,market
01K7CT810MVK3FH0BTYM30H138,soft-drinks,01K7CT810H6YYBX1X6K69X1SP6,🥤,0,true,market
01K7CT810N0XSBB397XCC8RA2R,sweets,01K7CT8100XBNR36NJ53KVQQR9,🍬,0,true,market
01K7CT810N8PQ1EKTK4SYBS2JD,chocolate,01K7CT810N0XSBB397XCC8RA2R,🍫,0,true,market
01K7CT810PFWSNXTH2N7FXV1DJ,honey-jams,01K7CT810N0XSBB397XCC8RA2R,🍯,0,true,market
01K7CT810PYGVV6GPM92WFKXXP,candy,01K7CT810N0XSBB397XCC8RA2R,🍬,0,true,market
01K7CT810QEWCX3NAC2QYK4GDF,homemade,01K7CT8100XBNR36NJ53KVQQR9,🏡,0,true,market|directory
01K7CT810QZR9DHE86BS5P1JDM,preserves,01K7CT810QEWCX3NAC2QYK4GDF,🥫,0,true,market|directory
01K7CT810R36VAH4G0XNS5YPAK,jams,01K7CT810QEWCX3NAC2QYK4GDF,🍓,0,true,market|directory
01K7CT810RMCC51H5BFRS242P9,pickles,01K7CT810QEWCX3NAC2QYK4GDF,🥒,0,true,market|directory
01K7CT810SAF2HTE8A9DG95R5Q,dogs,01K7CT810SCC6QTA72KC7XDWCS,🐶,0,false,market
01K7CT810SCC6QTA72KC7XDWCS,pets,01K7M9YVK4G7MYJBP0G4QYQDQQ,🐕,9,false,market
01K7CT810T5NW29MT198EJX8DA,mating,01K7NQPG8FDBG3H2M87J4KHAPB,🐾,0,false,market|directory
01K7CT810TT8QD5KJR52J3GV2J,puppies,01K7CT810SAF2HTE8A9DG95R5Q,🐕,0,false,market
01K7CT810V7B6H9HGZS3CVE2RR,dog-accessories,01K7CT810SAF2HTE8A9DG95R5Q,🐕,0,false,market
01K7CT810VF50TZCP0NCVEEY1M,dog-food,01K7CT810SAF2HTE8A9DG95R5Q,🐕,0,false,market
01K7CT810W3WMC2FHRTV6PHR81,cats,01K7CT810SCC6QTA72KC7XDWCS,🐱,0,false,market
01K7CT810W996H4YFJHMDV218F,kittens,01K7CT810W3WMC2FHRTV6PHR81,🐈,0,false,market
01K7CT810XNMSPWC2HPMDMME6V,cat-food,01K7CT810W3WMC2FHRTV6PHR81,🐈,0,false,market
01K7CT810Y1H7DCZV1NFWC5HW2,birds,01K7CT810SCC6QTA72KC7XDWCS,🐦,0,false,market
01K7CT810Y7MCVT50TDE1KKCTY,cat-accessories,01K7CT810W3WMC2FHRTV6PHR81,🐈,0,false,market
01K7CT810Z5YHEB9FQD6YRT9W5,canaries,01K7CT810Y1H7DCZV1NFWC5HW2,🐦,0,false,market
01K7CT810ZAT9SXMYT911VWR7W,parrots,01K7CT810Y1H7DCZV1NFWC5HW2,🐦,0,false,market
01K7CT8110VYQ6P9P5JGQ6WTN5,aquarium,01K7CT810SCC6QTA72KC7XDWCS,🐠,0,false,market
01K7CT8110YBMR1ZV27YVFVQVN,bird-cages,01K7CT810Y1H7DCZV1NFWC5HW2,🦜,0,false,market
01K7CT81113VNAJWNQ7S7YP8A6,fish,01K7CT8110VYQ6P9P5JGQ6WTN5,🐠,0,false,market
01K7CT8111BZ8GKHYC6MX0YG00,aquariums,01K7CT8110VYQ6P9P5JGQ6WTN5,🐠,0,false,market
01K7CT81129N1KWXJA3WY0S0M8,aquarium-plants,01K7CT8110VYQ6P9P5JGQ6WTN5,🐠,0,false,market
01K7CT8112QDYZW7NYM1W6RZ0F,aquarium-equipment,01K7CT8110VYQ6P9P5JGQ6WTN5,🐠,0,false,market
01K7CT81135AXT4GPQCC4801ZD,hamsters,01K7CT8113A2GH3657KFR8TZH0,🐹,0,false,market
01K7CT8113A2GH3657KFR8TZH0,rodents,01K7CT810SCC6QTA72KC7XDWCS,🐹,0,false,market
01K7CT811483SY4AQS1WF715TW,rats,01K7CT8113A2GH3657KFR8TZH0,🐀,0,false,market
01K7CT8114X5BG0SP7YWRW6NRT,rabbits,01K7CT8113A2GH3657KFR8TZH0,🐰,0,false,market
01K7CT81152W03TKTHF17ZCNC4,other-pets,01K7CT810SCC6QTA72KC7XDWCS,🐰,0,false,market
01K7CT8115KHKSR30ACEAB1FQX,rodent-cages,01K7CT8113A2GH3657KFR8TZH0,🦜,0,false,market
01K7CT81163P93PEGN4KF9769D,farm-animals,01K7CT81152W03TKTHF17ZCNC4,🐄,0,false,market
01K7CT81167K9EMFD9XY0W88NF,reptiles,01K7CT81152W03TKTHF17ZCNC4,🦎,0,false,market
01K7CT8117WX52VP5G7SBZ9VD1,business,01K7M9YVK4G7MYJBP0G4QYQDQQ,💼,10,false,market
01K7CT8117ZPTGFZDXN4TPZTHV,beekeeping,01K7CT81152W03TKTHF17ZCNC4,🐝,0,false,market
01K7CT81183F293V54H83W9ABE,retail-equipment,01K7CT8117WX52VP5G7SBZ9VD1,🛒,0,false,market
01K7CT811853KWH6ZNJTA6SHZ5,showcases-counters,01K7CT81183F293V54H83W9ABE,🏢,0,false,market
01K7CT811967G4Z3TTVXJGESCW,scales,01K7CT81183F293V54H83W9ABE,⚖️,0,false,market
01K7CT8119Z1Z4VECE57XCG2XN,pos-systems,01K7CT81183F293V54H83W9ABE,🏢,0,false,market
01K7CT811A08084W232Q8J2PZ4,mannequins,01K7CT81183F293V54H83W9ABE,🏢,0,false,market
01K7CT811A57VB6ZETX1EMKJJJ,refrigeration,01K7CT81183F293V54H83W9ABE,🏢,0,false,market
01K7CT811B5VQMSSAZKPNE31GY,kitchen-equipment,01K7CT811BCDNKN72TFRE45ZH3,🍽️,0,false,market
01K7CT811BCDNKN72TFRE45ZH3,restaurant-equipment,01K7CT8117WX52VP5G7SBZ9VD1,🍽️,0,false,market
01K7CT811CG47VFWD7GNMDEZWP,industrial-equipment,01K7CT8117WX52VP5G7SBZ9VD1,🏭,0,false,market
01K7CT811CMJ26VBTZP83M98MA,professional-kitchenware,01K7CT811BCDNKN72TFRE45ZH3,👨‍🍳,0,false,market
01K7CT811CT4SRD3BBD5VJQM3C,horeca-furniture,01K7CT811BCDNKN72TFRE45ZH3,🍽️,0,false,market
01K7CT811D262XGWPEFCPD9GAC,professional-tools,01K7CT811CG47VFWD7GNMDEZWP,🔧,0,false,market
01K7CT811DQMA57GVE3E6EGYD2,machines,01K7CT811CG47VFWD7GNMDEZWP,🔧,0,false,market
01K7CT811ECB1HN7HV7VAZV42J,packaging-equipment,01K7CT811CG47VFWD7GNMDEZWP,📦,0,false,market
01K7CT811FH94JYG6C7A6Q4MK3,packaging,01K7CT80VN5V544H5D7BPB41ZF,📦,0,false,market
01K7CT811G80EXQHHC83W51N35,repair-construction-services,01K7M9YVK659P2ZGBPBTYCPZV7,🔨,10,false,market|directory
01K7CT811GDT2H06WZQY0QXXD7,stationery-wholesale,01K7CT80VN5V544H5D7BPB41ZF,✏️,0,false,market
01K7CT811GG9ERZDD4RZQK14JZ,disposable-tableware,01K7CT80VN5V544H5D7BPB41ZF,🪑,0,false,market
01K7CT811HM537RQAFJ1RPTFP3,cosmetic-repair,01K7CT811HV2PSMGVCXCP0AMN8,🏢,0,false,market|directory
01K7CT811HV2PSMGVCXCP0AMN8,home-renovation,01K7CT811G80EXQHHC83W51N35,🔨,0,false,market|directory
01K7CT811JRYNM3E8SVB5MFTFD,major-renovation,01K7CT811HV2PSMGVCXCP0AMN8,🏢,0,false,market|directory
01K7CT811JY8BD36377NSH7VNC,interior-design,01K7CT811HV2PSMGVCXCP0AMN8,🎨,0,false,market|directory
01K7CT811KDMWVBEGHT3P2F4FV,finishing-works,01K7CT811HV2PSMGVCXCP0AMN8,🏢,0,false,market|directory
01K7CT811MRW9YW03CTPAAERTT,house-construction,01K7CT811G80EXQHHC83W51N35,👷,0,false,market|directory
01K7CT811MRYMXCPY99ECY5SVW,roofing,01K7CT811G80EXQHHC83W51N35,🏠,0,false,market|directory
01K7CT811NKRG0DP0YB6D6VEH7,foundation,01K7CT811G80EXQHHC83W51N35,🏗️,0,false,market|directory
01K7CT811NQ4C1DSZXA07EKCMZ,facade,01K7CT811G80EXQHHC83W51N35,🏢,0,false,market|directory
01K7CT811P8NMS9P6BAY2N23RH,electrical-works,01K7CT811PYJJNJP9C62JJM41H,⚡,0,false,market|directory
01K7CT811PYJJNJP9C62JJM41H,specialized-works,01K7CT811G80EXQHHC83W51N35,🏗️,0,false,market|directory
01K7CT811QHJQQGEKKC6NH2A0R,windows-doors-installation,01K7CT811PYJJNJP9C62JJM41H,🚪,0,false,market|directory
01K7CT811QMD24QAXRR6G7MMHK,plumbing-works,01K7CT811PYJJNJP9C62JJM41H,🚰,0,false,market|directory
01K7CT811R9J1T1DP8CYEN9VVZ,stretch-ceilings,01K7CT811PYJJNJP9C62JJM41H,🏠,0,false,market|directory
01K7CT811RZRR338M7Q5TWKMQS,tiling,01K7CT811PYJJNJP9C62JJM41H,🧱,0,false,market|directory
01K7CT811S0PPTRQ6NGNXSGGT4,flooring-installation,01K7CT811PYJJNJP9C62JJM41H,🔧,0,false,market|directory
01K7CT811SSNSD5MW157QSQN76,wallpapering,01K7CT811PYJJNJP9C62JJM41H,🎨,0,false,market|directory
01K7CT811T0AZDJX669R8E14P4,painting,01K7CT812GTJPZAHCA7050W60B,🎨,0,false,market|directory
01K7CT811TAFQR0HNR602ATC83,transport-services,01K7M9YVK659P2ZGBPBTYCPZV7,🚚,11,false,market|directory
01K7CT811V3MR3KBY4W84HHCTF,intercity-freight,01K7CT811V48EF16R0HXP3HGZE,📦,0,false,market|directory
01K7CT811V48EF16R0HXP3HGZE,freight,01K7CT811TAFQR0HNR602ATC83,🚛,0,false,market|directory
01K7CT811VS9CJ4F8YK3WPTTSQ,city-freight,01K7CT811V48EF16R0HXP3HGZE,🚕,0,false,market|directory
01K7CT811W5MCW0RHFAGW83CYH,international-freight,01K7CT811V48EF16R0HXP3HGZE,🌍,0,false,market|directory
01K7CT811WQJVH4G7QKBRQAMHR,movers,01K7CT811V48EF16R0HXP3HGZE,🚗,0,false,market|directory
01K7CT811X68YTEY7Y9D896HPB,passenger-transport,01K7CT811TAFQR0HNR602ATC83,🚌,0,false,market|directory
01K7CT811XMZY6GA6KCY192WCC,moving,01K7CT811V48EF16R0HXP3HGZE,📦,0,false,market|directory
01K7CT811YG5E56H5GS410Q3KP,taxi,01K7CT811X68YTEY7Y9D896HPB,🚕,0,false,market|directory
01K7CT811YT5E38XGZ0E2F3TBC,transfers,01K7CT811X68YTEY7Y9D896HPB,🚚,0,false,market|directory
01K7CT811ZEYY0GTJ8S4T0FYZE,car-with-driver,01K7CT811X68YTEY7Y9D896HPB,🚗,0,false,market|directory
01K7CT811ZP2F3771E3R633PFS,bus-rental,01K7CT811X68YTEY7Y9D896HPB,🚌,0,false,market|directory
01K7CT81208J2B974V234TVP0W,delivery,01K7CT811TAFQR0HNR602ATC83,📦,0,false,market|directory
01K7CT8120AYXWDTS7QWXCSXR2,courier,01K7CT81208J2B974V234TVP0W,🚚,0,false,market|directory
01K7CT81214JSCB82J9MCVJJBX,food-delivery,01K7CT81208J2B974V234TVP0W,🍽️,0,false,market|directory
01K7CT8121RQ2BD9ER4F3JVY64,grocery-delivery,01K7CT81208J2B974V234TVP0W,🛒,0,false,market|directory
01K7CT81234XNAAGYA2AW7KMH4,repair-services,01K7M9YVK659P2ZGBPBTYCPZV7,🔧,1,false,market|directory
01K7CT81240AXZ8JW1B3MSXB3W,pc-repair,01K7CT8124MAF2EYWC489NS72H,🔧,0,false,market|directory
01K7CT8124MAF2EYWC489NS72H,computer-repair,01K7CT81234XNAAGYA2AW7KMH4,💻,0,false,market|directory
01K7CT81252389K7GDB4T6P22N,laptop-repair,01K7CT8124MAF2EYWC489NS72H,💻,0,false,market|directory
01K7CT81260Z5A7Q4R3M2MCEDG,software-installation,01K7CT8124MAF2EYWC489NS72H,🔧,0,false,market|directory
01K7CT8127F2T10Q19D4QEG4HJ,network-setup,01K7CT8124MAF2EYWC489NS72H,🌐,0,false,market|directory
01K7CT8127NQVJF179RDQ1W3F7,virus-removal,01K7CT8124MAF2EYWC489NS72H,🦠,0,false,market|directory
01K7CT8128BM3SA5XWF8E7BSWZ,phone-repair,01K7CT81234XNAAGYA2AW7KMH4,📱,0,false,market|directory
01K7CT8128S9MQB6EHKP27DCAN,screen-replacement,01K7CT8128BM3SA5XWF8E7BSWZ,📱,0,false,market|directory
01K7CT8129QF84BSCTXPRG0D71,water-damage-repair,01K7CT8128BM3SA5XWF8E7BSWZ,💧,0,false,market|directory
01K7CT8129RZV2AQJ4Q9149E1G,battery-replacement,01K7CT8128BM3SA5XWF8E7BSWZ,🔋,0,false,market|directory
01K7CT812A4BD58HR4X2WGFPFG,appliance-repair,01K7CT81234XNAAGYA2AW7KMH4,🔧,0,false,market|directory
01K7CT812A84NJ0AZ50J51WS16,unlocking,01K7CT8128BM3SA5XWF8E7BSWZ,🔓,0,false,market|directory
01K7CT812B8HT1KMJFH3XXDG8M,refrigerator-repair,01K7CT812A4BD58HR4X2WGFPFG,❄️,0,false,market|directory
01K7CT812BZ6TQWG5E7EV4YC41,washing-machine-repair,01K7CT812A4BD58HR4X2WGFPFG,👕,0,false,market|directory
01K7CT812C3RCCDQDXPHBC4ZH8,microwave-repair,01K7CT812A4BD58HR4X2WGFPFG,📺,0,false,market|directory
01K7CT812CBEQRE41FQ0ZE4BFA,dishwasher-repair,01K7CT812A4BD58HR4X2WGFPFG,👕,0,false,market|directory
01K7CT812D7X5QMXDRC3PBKW81,ac-repair,01K7CT812A4BD58HR4X2WGFPFG,❄️,0,false,market|directory
01K7CT812DJMBTF0GNXH44R6MR,vacuum-repair,01K7CT812A4BD58HR4X2WGFPFG,🧹,0,false,market|directory
01K7CT812E34P695YF2VVT5HZN,tv-repair,01K7CT812EYHFS9B2KRGH34AVF,🔧,0,false,market|directory
01K7CT812EYHFS9B2KRGH34AVF,av-repair,01K7CT81234XNAAGYA2AW7KMH4,📺,0,false,market|directory
01K7CT812FARMKK94EYM00WW5Q,audio-repair,01K7CT812EYHFS9B2KRGH34AVF,🔧,0,false,market|directory
01K7CT812FMH353RYM1DB1E0JP,console-repair,01K7CT812EYHFS9B2KRGH34AVF,🎮,0,false,market|directory
01K7CT812GAFK392M5S70KJFRD,engine-repair,01K7CT812GTJPZAHCA7050W60B,⚙️,0,false,market|directory
01K7CT812GTJPZAHCA7050W60B,auto-services,01K7M9YVK659P2ZGBPBTYCPZV7,🔧,2,false,market|directory
01K7CT812GVM6Z0CF1N06K5SYC,suspension-repair,01K7CT812GTJPZAHCA7050W60B,⚙️,0,false,market|directory
01K7CT812HSJV8WM3PEMRTTCER,body-repair,01K7CT812GTJPZAHCA7050W60B,🚗,0,false,market|directory
01K7CT812JPXJG7JS3NH3EN098,maintenance,01K7CT812GTJPZAHCA7050W60B,🛠️,0,false,market|directory
01K7CT812JXK8F4QPX4AW0JGHB,tire-service,01K7CT812GTJPZAHCA7050W60B,⭕,0,false,market|directory
01K7CT812K3GWPPWJH2JX4YGZF,car-wash,01K7CT812KB74WA7SKZ79N1DRJ,🚗,0,false,market|directory
01K7CT812KB74WA7SKZ79N1DRJ,car-wash-detailing,01K7CT812GTJPZAHCA7050W60B,💧,0,false,market|directory
01K7CT812M0QVA9JCCHVTBHYJT,detailing,01K7CT812KB74WA7SKZ79N1DRJ,🚗,0,false,market|directory
01K7CT812MKQHXYZASYZ8XMX0S,polishing,01K7CT812KB74WA7SKZ79N1DRJ,💧,0,false,market|directory
01K7CT812N5YQ6X2CJKFAHDJJ1,equipment-installation,01K7CT812GTJPZAHCA7050W60B,🔧,0,false,market|directory
01K7CT812NGP4QHNBKZJ848CYJ,interior-cleaning,01K7CT812KB74WA7SKZ79N1DRJ,🧼,0,false,market|directory
01K7CT812P2Q5B37NZFFZP7H5W,alarm-installation,01K7CT812N5YQ6X2CJKFAHDJJ1,🚨,0,false,market|directory
01K7CT812PDKAK364BHDWWB1GH,audio-installation,01K7CT812N5YQ6X2CJKFAHDJJ1,🔊,0,false,market|directory
01K7CT812Q9GHS966J9RTQB7NX,beauty-health-services,01K7M9YVK659P2ZGBPBTYCPZV7,💇,3,false,market|directory
01K7CT812QBH6G95AGPWWNPH56,window-tinting,01K7CT812N5YQ6X2CJKFAHDJJ1,🪟,0,false,market|directory
01K7CT812R4W4N03ZYXY1P73N1,hair-services,01K7CT812Q9GHS966J9RTQB7NX,💇,0,false,market|directory
01K7CT812RH8BNE0T0EBJNHSP0,haircuts,01K7CT812R4W4N03ZYXY1P73N1,💇,0,false,market|directory
01K7CT812SWVWAANJAS0J8CHN4,hair-coloring,01K7CT812R4W4N03ZYXY1P73N1,🎨,0,false,market|directory
01K7CT812TDR82NDDS2DGYMT3R,hair-treatments,01K7CT812R4W4N03ZYXY1P73N1,🧴,0,false,market|directory
01K7CT812TJ8JXAV24YKG4JD0M,cosmetology,01K7CT812Q9GHS966J9RTQB7NX,💆,0,false,market|directory
01K7CT812V8J10X0JSDGNRF7X1,facial-treatments,01K7CT812TJ8JXAV24YKG4JD0M,💆,0,false,market|directory
01K7CT812VWM6KEMQ47Z6E5D3Z,face-massage,01K7CT812TJ8JXAV24YKG4JD0M,💆,0,false,market|directory
01K7CT812WCP7Y6NHBX14ATJR0,injections,01K7CT812TJ8JXAV24YKG4JD0M,💉,0,false,market|directory
01K7CT812WF54CG3ZPYEEE2KC0,facial-cleansing,01K7CT812TJ8JXAV24YKG4JD0M,💉,0,false,market|directory
01K7CT812XNR5HYB5ATN4C7HFV,manicure,01K7CT812XSDJG2MNRKAPES9JB,💅,0,false,market|directory
01K7CT812XSDJG2MNRKAPES9JB,nails,01K7CT812Q9GHS966J9RTQB7NX,💅,0,false,market|directory
01K7CT812Y2TCCTKMP7F6E4QBJ,nail-extensions,01K7CT812XSDJG2MNRKAPES9JB,💅,0,false,market|directory
01K7CT812YTXX5EJR5FXBAD305,pedicure,01K7CT812XSDJG2MNRKAPES9JB,💅,0,false,market|directory
01K7CT812Z4HR8X3EXK15CKC21,nail-art,01K7CT812XSDJG2MNRKAPES9JB,💅,0,false,market|directory
01K7CT812ZD48WNJ2NYS9AD0D4,makeup-styling,01K7CT812Q9GHS966J9RTQB7NX,💄,0,false,market|directory
01K7CT813028WEDZJ5MWGPM9TF,bridal-makeup,01K7CT812ZD48WNJ2NYS9AD0D4,💄,0,false,market|directory
01K7CT81319EKHHKMFJ38FKG31,style-consulting,01K7CT812ZD48WNJ2NYS9AD0D4,🎨,0,false,market|directory
01K7CT8132B8DZKAQX8D2MMVKB,classic-massage,01K7CT8132KMJ1FF6CZA7CR4RK,💆,0,false,market|directory
01K7CT8132KMJ1FF6CZA7CR4RK,massage,01K7CT812Q9GHS966J9RTQB7NX,💆,0,false,market|directory
01K7CT81335X6MMX6PNN2SBGEQ,sports-massage,01K7CT8132KMJ1FF6CZA7CR4RK,💆,0,false,market|directory
01K7CT8133CDDPCTR2WJTANGKN,therapeutic-massage,01K7CT8132KMJ1FF6CZA7CR4RK,💆,0,false,market|directory
01K7CT8134JRRER7527A1ARXSR,medical,01K7CT812Q9GHS966J9RTQB7NX,🏥,0,false,market|directory
01K7CT8134W1CPYCNAPXF4AB9X,relaxation-massage,01K7CT8132KMJ1FF6CZA7CR4RK,💆,0,false,market|directory
01K7CT8135CAGVZ83C9ZWNXA79,dentistry,01K7CT8134JRRER7527A1ARXSR,⚕️,0,false,market|directory
01K7CT8135SZXA3XJYZ4J0DK3C,ophthalmology,01K7CT8134JRRER7527A1ARXSR,⚕️,0,false,market|directory
01K7CT8136B47R7KX7H5TCME95,therapy,01K7CT8134JRRER7527A1ARXSR,⚕️,0,false,market|directory
01K7CT8136RSNZ9N8HF9DXM9Q0,pediatrics,01K7CT8134JRRER7527A1ARXSR,⚕️,0,false,market|directory
01K7CT8137M4HSGQGK8S7YWK5B,fitness,01K7CT812Q9GHS966J9RTQB7NX,🏋️,0,false,market|directory
01K7CT8137WVAMPX726H0XBJSY,lab-tests,01K7CT8134JRRER7527A1ARXSR,⚕️,0,false,market|directory
01K7CT8138DSA50Z212AMAPT0Y,group-classes,01K7CT8137M4HSGQGK8S7YWK5B,🏋️,0,false,market|directory
01K7CT8138N8C8WMSG1Y159K0T,personal-training,01K7CT8137M4HSGQGK8S7YWK5B,🏃,0,false,market|directory
01K7CT813970JNTQCVMYGN7QST,yoga-pilates,01K7CT8137M4HSGQGK8S7YWK5B,🏋️,0,false,market|directory
01K7CT8139SX57CQHZKM0MWW96,swimming,01K7CT8137M4HSGQGK8S7YWK5B,🏋️,0,false,market|directory
01K7CT813ADJV8V0DGQ3026B86,it-services,01K7M9YVK659P2ZGBPBTYCPZV7,💻,4,false,market|directory
01K7CT813AR6CRV06J0MPDFGR5,web-development,01K7CT813ADJV8V0DGQ3026B86,💻,0,false,market|directory
01K7CT813B53J25DTDZ1P3AJYG,landing-pages,01K7CT813AR6CRV06J0MPDFGR5,🌍,0,false,market|directory
01K7CT813BGW3J04A6109KY5Q5,corporate-websites,01K7CT813AR6CRV06J0MPDFGR5,🌐,0,false,market|directory
01K7CT813BXVNSD9AG19TFGZ70,ecommerce,01K7CT813AR6CRV06J0MPDFGR5,🛒,0,false,market|directory
01K7CT813CA37HZ5WWMSH9NDJJ,mobile-development,01K7CT813ADJV8V0DGQ3026B86,📱,0,false,market|directory
01K7CT813CA5WBQDQJ9NN19VFG,web-apps,01K7CT813AR6CRV06J0MPDFGR5,📱,0,false,market|directory
01K7CT813D92YQCZDPBM19GZJM,android-apps,01K7CT813CA37HZ5WWMSH9NDJJ,🤖,0,false,market|directory
01K7CT813DSDT79PGAY9TDFD5R,ios-apps,01K7CT813CA37HZ5WWMSH9NDJJ,🍎,0,false,market|directory
01K7CT813E7G29XRB4BEXGC3A4,design,01K7CT813ADJV8V0DGQ3026B86,🎨,0,false,market|directory
01K7CT813ECXABV78NVG95DKV4,cross-platform-apps,01K7CT813CA37HZ5WWMSH9NDJJ,📱,0,false,market|directory
01K7CT813FNERXC3WZ4RV2C9Y3,ui-ux-design,01K7CT813E7G29XRB4BEXGC3A4,🎨,0,false,market|directory
01K7CT813FYQK2CR4J5WPTQWB3,graphic-design,01K7CT813E7G29XRB4BEXGC3A4,🎨,0,false,market|directory
01K7CT813G8AHWQTJ54JNC7TTZ,3d-modeling,01K7CT813E7G29XRB4BEXGC3A4,🎨,0,false,market|directory
01K7CT813GGZ7B0RV78H2NGRE2,branding,01K7CT813E7G29XRB4BEXGC3A4,🎨,0,false,market|directory
01K7CT813H26HEQ9PPNXBVSSBN,administration,01K7CT813ADJV8V0DGQ3026B86,💻,0,false,market|directory
01K7CT813HQ9ZXW6TDF3TN6M30,server-setup,01K7CT813H26HEQ9PPNXBVSSBN,🖥️,0,false,market|directory
01K7CT813J9R4PBSZYEASQ3HR7,server-maintenance,01K7CT813H26HEQ9PPNXBVSSBN,🖥️,0,false,market|directory
01K7CT813JCHTPT4XXBMWZ2AX0,network-administration,01K7CT813H26HEQ9PPNXBVSSBN,🌐,0,false,market|directory
01K7CT813K022GZR6CC1YQAKQE,security,01K7CT813ADJV8V0DGQ3026B86,🔒,0,false,market|directory
01K7CT813KPN8JCZ741J1ZAHJ9,system-administration,01K7CT813H26HEQ9PPNXBVSSBN,⚙️,0,false,market|directory
01K7CT813MK6QM4CVKNPAM2DH2,ddos-protection,01K7CT813K022GZR6CC1YQAKQE,🔒,0,false,market|directory
01K7CT813MZAE8WEEKPK1QABBZ,security-audit,01K7CT813K022GZR6CC1YQAKQE,🔒,0,false,market|directory
01K7CT813NCATC4YSRQST6A3MZ,seo-marketing,01K7CT813ADJV8V0DGQ3026B86,📈,0,false,market|directory
01K7CT813NS30WD9FB396RGQ4F,backup,01K7CT813K022GZR6CC1YQAKQE,🔒,0,false,market|directory
01K7CT813P9XWCTBYC3NH9SKNM,seo,01K7CT813NCATC4YSRQST6A3MZ,📣,0,false,market|directory
01K7CT813PBQFWY11X5494SNQC,ppc,01K7CT813NCATC4YSRQST6A3MZ,📢,0,false,market|directory
01K7CT813QGJX9H15PN599N3TK,email-marketing,01K7CT813NCATC4YSRQST6A3MZ,📣,0,false,market|directory
01K7CT813QTG6JBG1GX84WRY9N,smm,01K7CT813NCATC4YSRQST6A3MZ,📣,0,false,market|directory
01K7CT813R0EGDWYYPKXMDJF0G,analytics,01K7CT813ADJV8V0DGQ3026B86,📊,0,false,market|directory
01K7CT813RZ2W91KAKWR3BZ7QC,web-analytics,01K7CT813R0EGDWYYPKXMDJF0G,📊,0,false,market|directory
01K7CT813SCW8WXQ8GJYTDATMK,data-science,01K7CT813R0EGDWYYPKXMDJF0G,📊,0,false,market|directory
01K7CT813SNB4G363RFNEQ4JA6,machine-learning,01K7CT813R0EGDWYYPKXMDJF0G,🤖,0,false,market|directory
01K7CT813TFVJJPA8G0X2PVT8J,education,01K7M9YVK659P2ZGBPBTYCPZV7,📚,5,false,market|directory
01K7CT813TR9KFRB1VRVQT71C3,tutors,01K7CT813TFVJJPA8G0X2PVT8J,📚,0,false,market|directory
01K7CT813V9P82RVCSDEQ9RC2D,school-subjects,01K7CT813TR9KFRB1VRVQT71C3,📚,0,false,market|directory
01K7CT813VDAVDFHSKD7JZ7BZP,exam-prep,01K7CT813TR9KFRB1VRVQT71C3,📝,0,false,market|directory
01K7CT813VYYATZPQKENZ7NS2Z,foreign-languages,01K7CT813TR9KFRB1VRVQT71C3,🗣️,0,false,market|directory
01K7CT813WQWSP0XDWTB2G0JX6,russian-language,01K7CT813TR9KFRB1VRVQT71C3,🗣️,0,false,market|directory
01K7CT813WY43P0ZXQ6YE2T42Y,math-physics,01K7CT813TR9KFRB1VRVQT71C3,🔢,0,false,market|directory
01K7CT813X1NVA21X6CBMAT6AM,courses,01K7CT813TFVJJPA8G0X2PVT8J,📖,0,false,market|directory
01K7CT813XTNJJCCHXKX498TN4,programming,01K7CT813X1NVA21X6CBMAT6AM,💻,0,false,market|directory
01K7CT813YGH3VG96C8550BB29,business-marketing,01K7CT813X1NVA21X6CBMAT6AM,📊,0,false,market|directory
01K7CT813YJN8XRS63J7572PJF,design-courses,01K7CT813X1NVA21X6CBMAT6AM,🎨,0,false,market|directory
01K7CT813Z2M6FP9CH0ABWPWPG,language-courses,01K7CT813X1NVA21X6CBMAT6AM,🗣️,0,false,market|directory
01K7CT813ZVVRA6TJEWWMFNAV6,accounting,01K7CT8147V16JJFTRX7WMC80J,💰,0,false,market|directory
01K7CT8140AQ2SSDEGC54QSYHE,vocal-lessons,01K7CT8140HEPGPH08CH0P8Q2F,🎵,0,false,market|directory
01K7CT8140HEPGPH08CH0P8Q2F,music-arts,01K7CT813TFVJJPA8G0X2PVT8J,🎨,0,false,market|directory
01K7CT81410NBHKWSBWK1J4T6W,instrument-lessons,01K7CT8140HEPGPH08CH0P8Q2F,🎵,0,false,market|directory
01K7CT8141QHKGKXDCE3WBXVF4,drawing,01K7CT8140HEPGPH08CH0P8Q2F,🎵,0,false,market|directory
01K7CT81427WCCEGWNVHN2JGMR,dance,01K7CT8140HEPGPH08CH0P8Q2F,🎵,0,false,market|directory
01K7CT8142QS9QZKHNAXA54GDZ,sports-coaching,01K7CT813TFVJJPA8G0X2PVT8J,🏆,0,false,market|directory
01K7CT8143QYCB62J9PQ9HZD27,martial-arts,01K7CT8142QS9QZKHNAXA54GDZ,🏋️,0,false,market|directory
01K7CT8143S187D7FKDSY7M04B,personal-trainer,01K7CT8142QS9QZKHNAXA54GDZ,🏋️,0,false,market|directory
01K7CT8144635F7HEJQ0V0B4Y3,children-development,01K7CT813TFVJJPA8G0X2PVT8J,👶,0,false,market|directory
01K7CT81449AGHQXXCS97MC1FA,swimming-lessons,01K7CT8142QS9QZKHNAXA54GDZ,🏋️,0,false,market|directory
01K7CT8145FP8DFJG8VWM9E5ZR,preschool-prep,01K7CT8144635F7HEJQ0V0B4Y3,🎓,0,false,market|directory
01K7CT8146GJZ7BE4M3R81BJF1,speech-therapy,01K7CT8144635F7HEJQ0V0B4Y3,🗣️,0,false,market|directory
01K7CT8146JWTEXJX0WHM7XHGC,child-psychology,01K7CT8144635F7HEJQ0V0B4Y3,🧠,0,false,market|directory
01K7CT8147CVZQKK9PF92KWKYH,business-services,01K7M9YVK659P2ZGBPBTYCPZV7,📊,6,false,market|directory
01K7CT8147V16JJFTRX7WMC80J,accounting-finance,01K7CT8147CVZQKK9PF92KWKYH,🧮,0,false,market|directory
01K7CT814814WSYM5AY05QRJFZ,tax-consulting,01K7CT8147V16JJFTRX7WMC80J,🧮,0,false,market|directory
01K7CT81492G9F01BRF2XY7ZN7,business-registration,01K7CT8147V16JJFTRX7WMC80J,💼,0,false,market|directory
01K7CT8149BBRMY33GZ3C307H6,audit,01K7CT8147V16JJFTRX7WMC80J,💰,0,false,market|directory
01K7CT814A4CNV85YZCNMQKE1Q,legal,01K7CT8147CVZQKK9PF92KWKYH,⚖️,0,false,market|directory
01K7CT814AJHQWS5HKDVRKRG35,legal-support,01K7CT814A4CNV85YZCNMQKE1Q,⚖️,0,false,market|directory
01K7CT814B64K09SSQ3MQ6W2SK,contract-drafting,01K7CT814A4CNV85YZCNMQKE1Q,⚖️,0,false,market|directory
01K7CT814BP9YJZQFGTRWVTE7V,arbitration,01K7CT814A4CNV85YZCNMQKE1Q,⚖️,0,false,market|directory
01K7CT814C042EH23CND5T1Z14,consumer-protection,01K7CT814A4CNV85YZCNMQKE1Q,⚖️,0,false,market|directory
01K7CT814C757CGEV978VVRTET,family-law,01K7CT814A4CNV85YZCNMQKE1Q,⚖️,0,false,market|directory
01K7CT814DSSZ5HY8FKWRJA2XK,advertising-pr,01K7CT8147CVZQKK9PF92KWKYH,📢,0,false,market|directory
01K7CT814DXXM9QCNN727MP931,real-estate-law,01K7CT814A4CNV85YZCNMQKE1Q,🏠,0,false,market|directory
01K7CT814EE4P91YAQHETQVCR7,online-advertising,01K7CT814DSSZ5HY8FKWRJA2XK,📢,0,false,market|directory
01K7CT814EED4CH3GSE98NBVFK,outdoor-advertising,01K7CT814DSSZ5HY8FKWRJA2XK,🏢,0,false,market|directory
01K7CT814FKWK40W47KS20HMPP,printing,01K7CT814DSSZ5HY8FKWRJA2XK,🖨️,0,false,market|directory
01K7CT814FTTTA215RSQ26AP0C,public-relations,01K7CT814DSSZ5HY8FKWRJA2XK,📢,0,false,market|directory
01K7CT814GJ9CM04GE3PHA2K7Z,consulting,01K7CT8147CVZQKK9PF92KWKYH,💡,0,false,market|directory
01K7CT814GXHXNZDFBN0T2G0VJ,promotional-products,01K7CT814DSSZ5HY8FKWRJA2XK,📢,0,false,market|directory
01K7CT814H534XMWCCXP6JPBP0,business-consulting,01K7CT814GJ9CM04GE3PHA2K7Z,💼,0,false,market|directory
01K7CT814J3V0E1T8HAGPFEHQJ,management-consulting,01K7CT814GJ9CM04GE3PHA2K7Z,💼,0,false,market|directory
01K7CT814JS0VA0969E2ZFZB64,hr-consulting,01K7CT814GJ9CM04GE3PHA2K7Z,💼,0,false,market|directory
01K7CT814KZZDCJG3E99ZPV19H,market-research,01K7CT814GJ9CM04GE3PHA2K7Z,📊,0,false,market|directory
01K7CT814M1VFPGYAAWBHHGBJQ,hr,01K7CT8147CVZQKK9PF92KWKYH,👥,0,false,market|directory
01K7CT814MHFPFFATHY7B1TV98,recruitment,01K7CT814M1VFPGYAAWBHHGBJQ,👥,0,false,market|directory
01K7CT814NX6JE1Q1RW5WP4PKR,outstaffing,01K7CT814M1VFPGYAAWBHHGBJQ,👥,0,false,market|directory
01K7CT814P4287WK2SABZCY4C0,translation,01K7CT8147CVZQKK9PF92KWKYH,🌐,0,false,market|directory
01K7CT814PH9KG2K64HB2Y0MP2,hr-administration,01K7CT814M1VFPGYAAWBHHGBJQ,📋,0,false,market|directory
01K7CT814QVRKJBNYCCV4V8V7K,written-translation,01K7CT814P4287WK2SABZCY4C0,🌐,0,false,market|directory
01K7CT814QXD88R101VZ1NZWYW,interpretation,01K7CT814P4287WK2SABZCY4C0,🌐,0,false,market|directory
01K7CT814R40PWER1C6ENJ17XX,technical-translation,01K7CT814P4287WK2SABZCY4C0,🌐,0,false,market|directory
01K7CT814SCQCDW7S5EJHQTXZP,notarization,01K7CT814P4287WK2SABZCY4C0,🌐,0,false,market|directory
01K7CT814SK0ZBDR8VHECWGYR2,events,01K7M9YVK659P2ZGBPBTYCPZV7,🎉,7,false,market|directory
01K7CT814TVT44P270PVPVMEMB,weddings,01K7CT814SK0ZBDR8VHECWGYR2,💒,0,false,market|directory
01K7CT814TWD5HWJAQYPKGWFXB,wedding-planning,01K7CT814TVT44P270PVPVMEMB,💒,0,false,market|directory
01K7CT814VCGD3FVE7SMCVFDZY,wedding-photography,01K7CT814TVT44P270PVPVMEMB,📷,0,false,market|directory
01K7CT814VHTNNA3P2QZ14Z5M4,wedding-videography,01K7CT814TVT44P270PVPVMEMB,📹,0,false,market|directory
01K7CT814W1RH27YM2C173YY24,wedding-hosts,01K7CT814TVT44P270PVPVMEMB,🎤,0,false,market|directory
01K7CT814XFQ6QAS0DTETB24X9,wedding-dresses,01K7CT814TVT44P270PVPVMEMB,👔,0,false,market|directory
01K7CT814XVFCF5WTRYRFEBNSJ,kids-parties,01K7CT814SK0ZBDR8VHECWGYR2,🎈,0,false,market|directory
01K7CT814Y1F16CFP4EMKRXB2H,animators,01K7CT814XVFCF5WTRYRFEBNSJ,🎭,0,false,market|directory
01K7CT814YKR58FKQ30WWBGMCA,kids-party-planning,01K7CT814XVFCF5WTRYRFEBNSJ,🎉,0,false,market|directory
01K7CT814ZEEWDDXRJ15QZDSAC,kids-photography,01K7CT814XVFCF5WTRYRFEBNSJ,📷,0,false,market|directory
01K7CT814ZN4N6M93AG4D0XTQW,corporate-events,01K7CT814SK0ZBDR8VHECWGYR2,💼,0,false,market|directory
01K7CT81503RW0MEGH88M48NQR,corporate-planning,01K7CT814ZN4N6M93AG4D0XTQW,🎉,0,false,market|directory
01K7CT8150YBEE5NGZAK5HZPND,team-building,01K7CT814ZN4N6M93AG4D0XTQW,🍴,0,false,market|directory
01K7CT815153HASATEW7BZPY3Q,conferences,01K7CT814ZN4N6M93AG4D0XTQW,💼,0,false,market|directory
01K7CT8151JTKAWVYAP1TARDV2,photo-video-services,01K7CT814SK0ZBDR8VHECWGYR2,📹,0,false,market|directory
01K7CT81526745B2PSCY4VG9NV,videography,01K7CT8151JTKAWVYAP1TARDV2,📹,0,false,market|directory
01K7CT8152QCX8BAE4H1CDTR2F,photography,01K7CT8151JTKAWVYAP1TARDV2,📷,0,false,market|directory
01K7CT81530EX2MXA1JYAH1STJ,aerial-photography,01K7CT8151JTKAWVYAP1TARDV2,📷,0,false,market|directory
01K7CT815385KJ53WCANKJCYEN,video-editing,01K7CT8151JTKAWVYAP1TARDV2,📹,0,false,market|directory
01K7CT8153PYR2B0KYKKQYC5TQ,photo-editing,01K7CT8151JTKAWVYAP1TARDV2,📷,0,false,market|directory
01K7CT8154068ZD68KNRH7WFD5,artists,01K7CT814SK0ZBDR8VHECWGYR2,🎤,0,false,market|directory
01K7CT81544D0ER7TGTEE91DNC,hosts,01K7CT8154068ZD68KNRH7WFD5,🎵,0,false,market|directory
01K7CT8155020JVZB10XN6ZHKN,musicians,01K7CT8154068ZD68KNRH7WFD5,🎵,0,false,market|directory
01K7CT815546WB19CJTV2E835D,dj,01K7CT8154068ZD68KNRH7WFD5,🎵,0,false,market|directory
01K7CT8156MB4B558DB60ACZFT,vocalists,01K7CT8154068ZD68KNRH7WFD5,🎵,0,false,market|directory
01K7CT8157E86Z0VGP86PMB6TH,dancers,01K7CT8154068ZD68KNRH7WFD5,🎵,0,false,market|directory
01K7CT8159PW5CD73MPN69B33D,home-services,01K7M9YVK659P2ZGBPBTYCPZV7,🏠,8,false,market|directory
01K7CT8159XD1PTDT07STP6WAV,cleaning,01K7CT8159PW5CD73MPN69B33D,🧹,0,false,market|directory
01K7CT815AHVPNPD6WYQ5MS8D6,regular-cleaning,01K7CT8159XD1PTDT07STP6WAV,🧹,0,false,market|directory
01K7CT815ATNHH2E00NKWDJ3SY,deep-cleaning,01K7CT8159XD1PTDT07STP6WAV,🧹,0,false,market|directory
01K7CT815B467SHZD8SP5MJ227,post-renovation-cleaning,01K7CT8159XD1PTDT07STP6WAV,🧹,0,false,market|directory
01K7CT815BYD1PJ1W7H9PC5TS6,window-cleaning,01K7CT8159XD1PTDT07STP6WAV,🪟,0,false,market|directory
01K7CT815C3YA7VMBMQ73N3T0J,furniture-cleaning,01K7CT8159XD1PTDT07STP6WAV,🧹,0,false,market|directory
01K7CT815C5RFWF1ZPFD8EAVMC,carpet-cleaning,01K7CT8159XD1PTDT07STP6WAV,🧹,0,false,market|directory
01K7CT815D0N34JB1SJ2WE7FZM,household-help,01K7CT8159PW5CD73MPN69B33D,🤝,0,false,market|directory
01K7CT815DD0REVXH7SE3MQ5FE,housekeeper,01K7CT815D0N34JB1SJ2WE7FZM,🚿,0,false,market|directory
01K7CT815E2EQSC0X1Y0R4Z3QC,nanny,01K7CT815D0N34JB1SJ2WE7FZM,👶,0,false,market|directory
01K7CT815EMW07EZVCYDDWMM08,cook,01K7CT815D0N34JB1SJ2WE7FZM,👨‍🍳,0,false,market|directory
01K7CT815FAQB45GKMSX07E58S,dog-walking,01K7CT815D0N34JB1SJ2WE7FZM,🐕,0,false,market|directory
01K7CT815FTP54WMVDY5J5V4W2,caregiver,01K7CT815D0N34JB1SJ2WE7FZM,🩺,0,false,market|directory
01K7CT815G3J97AQ8Q8G7Z6RZ9,elderly-care,01K7CT815D0N34JB1SJ2WE7FZM,👴,0,false,market|directory
01K7CT815GFTHX0FP682WEWTSG,domestic-services,01K7CT8159PW5CD73MPN69B33D,🏠,0,false,market|directory
01K7CT815H9C590TPHK2BVJMMR,furniture-assembly,01K7CT815GFTHX0FP682WEWTSG,🛏️,0,false,market|directory
01K7CT815HMTWZQ0PPBKXQ34JQ,handyman,01K7CT815GFTHX0FP682WEWTSG,🔧,0,false,market|directory
01K7CT815J6SJZGK93JG78EHA9,appliance-installation,01K7CT815GFTHX0FP682WEWTSG,🔧,0,false,market|directory
01K7CT815JAY8V0333Z3ZKT5CH,handyman-service,01K7CT815GFTHX0FP682WEWTSG,🔧,0,false,market|directory
01K7CT815KEE7HQ8EX16FQYC40,work,,💼,5,false,market
01K7CT815M317Q2RES9F60Z39D,it-jobs,01K7CT815KEE7HQ8EX16FQYC40,💻,0,false,market
01K7CT815MMNJ584V2AC6327Y0,sales-jobs,01K7CT815KEE7HQ8EX16FQYC40,💼,0,false,market
01K7CT815N0X67BXCG2NCE1XYT,construction-jobs,01K7CT815KEE7HQ8EX16FQYC40,👷,0,false,market
01K7CT815NQWVR9MZB1QNNK0YY,admin-jobs,01K7CT815KEE7HQ8EX16FQYC40,📋,0,false,market
01K7CT815P24DDP4G4P2AFD5AM,horeca-jobs,01K7CT815KEE7HQ8EX16FQYC40,🍽️,0,false,market
01K7CT815PBQ761HCHZ4RTVVXY,manufacturing-jobs,01K7CT815KEE7HQ8EX16FQYC40,🏭,0,false,market
01K7CT815PV0VADPN75DM2MQY1,retail-jobs,01K7CT815KEE7HQ8EX16FQYC40,🛒,0,false,market
01K7CT815Q94GSFHSRAHN3SKDV,transport-jobs,01K7CT815KEE7HQ8EX16FQYC40,🚛,0,false,market
01K7CT815QJ2K9F8V6VXT2A5K9,medical-jobs,01K7CT815KEE7HQ8EX16FQYC40,🏥,0,false,market
01K7CT815R5JP4GQ05EG3DCGY1,education-jobs,01K7CT815KEE7HQ8EX16FQYC40,🎓,0,false,market
01K7CT815T659S0WSXE585QS2A,tours,01K7MMNEJV32D34T8P2W1MBAZM,🗺️,0,false,market|directory
01K7CT815TA7045Z16FE2W0YF8,beach-holidays,01K7CT815T659S0WSXE585QS2A,🏖️,0,false,market|directory
01K7CT815VCNPVR26X28SA6DYY,ski-tours,01K7CT815T659S0WSXE585QS2A,⛷️,0,false,market|directory
01K7CT815VMMT3GR94WZ7N7S0R,sightseeing-tours,01K7CT815T659S0WSXE585QS2A,🗺️,0,false,market|directory
01K7CT815WX9C48G2R3Y6XZP8C,cruises,01K7CT815T659S0WSXE585QS2A,🚢,0,false,market|directory
01K7CT815WZKD69B9DKDJ15MNN,tickets,01K7MMNEJV32D34T8P2W1MBAZM,🎟️,0,false,market|directory
01K7CT815XA345MNS0VSMWCTGA,train-tickets,01K7CT815WZKD69B9DKDJ15MNN,🚂,0,false,market|directory
01K7CT815XJ100EEECP7Z9CP33,air-tickets,01K7CT815WZKD69B9DKDJ15MNN,✈️,0,false,market|directory
01K7CT815Y5D4AFGK9C7TCZBX5,visas,01K7MMNEJV32D34T8P2W1MBAZM,🛂,0,false,market|directory
01K7CT815YW522BJVKJF6VF7ZK,bus-tickets,01K7CT815WZKD69B9DKDJ15MNN,🚌,0,false,market|directory
01K7CT815Z4XPHZHAZRVVTC9XT,schengen-visas,01K7CT815Y5D4AFGK9C7TCZBX5,🛂,0,false,market|directory
01K7CT815ZZE3YY59YFSZFFT41,visa-services,01K7CT815Y5D4AFGK9C7TCZBX5,🛂,0,false,market|directory
01K7CT8162HMR2AFDWS8HHEJ0T,other-services,01K7M9YVK659P2ZGBPBTYCPZV7,🔧,9,false,market|directory
01K7CT8162HPAYR8A1QTAGCG01,veterinary,01K7NQPG8FDBG3H2M87J4KHAPB,🏥,0,false,market|directory
01K7CT81635XQHQXYJ8G1H32C4,grooming,01K7NQPG8FDBG3H2M87J4KHAPB,✂️,0,false,market|directory
01K7CT8163JG89M1RYZE44T752,pet-training,01K7NQPG8FDBG3H2M87J4KHAPB,🏆,0,false,market|directory
01K7CT8164AXK6FDDG30AVAWT4,pet-boarding,01K7NQPG8FDBG3H2M87J4KHAPB,🏠,0,false,market|directory
01K7CT8168HRPHZBVVVA08K41X,funeral-services,01K7CT8162HMR2AFDWS8HHEJ0T,⚰️,0,false,market|directory
01K7CT8168TSY9HY77ZYASNQ7Z,key-making,01K7CT815GFTHX0FP682WEWTSG,🏠,0,false,market|directory
01K7CT816954Q553NE5E2F8ZYY,pawn-shops,01K7NVJHSP2DKCTKN52G4QHA14,💰,0,false,market|directory
01K7CT8169ZVPP09Y6HMWRAE1J,locksmith,01K7CT815GFTHX0FP682WEWTSG,🔑,0,false,market|directory
01K7M9YVK0V17102B861JRCECW,vehicles,,🚗,2,false,market
01K7M9YVK4G7MYJBP0G4QYQDQQ,goods,,📦,3,false,market
01K7M9YVK659P2ZGBPBTYCPZV7,services,,🔧,4,false,market
01K7MKPRZR4JP8QWC8GAYEJNV9,water-sports,01K7CT80Z7M3QP0FR82CNM0JES,🏄,0,false,market
01K7MKPS5J7EFJ5RMF5VS96F0Y,paddleboards,01K7MKPRZR4JP8QWC8GAYEJNV9,🏄‍♂️,2,false,market
01K7MKPS5J7HQC3H3FNHFW3V4Q,surfboards,01K7MKPRZR4JP8QWC8GAYEJNV9,🏄,0,false,market
01K7MKPS5JV70ZSF8G3D032Y5J,kayaks,01K7MKPRZR4JP8QWC8GAYEJNV9,🛶,1,false,market
01K7MKPS5JYTSVN8RSFSZ50YSX,jet-skis,01K7MKPRZR4JP8QWC8GAYEJNV9,🛥️,3,false,market
01K7MM3XHZ8PCZ324NPK00AFJG,commercial,01K7CT80TR554RXN0QGYT95Q37,🏢,10,false,market
01K7MMNEJGBBSQXW43AE33CZ5Z,building-supplies,01K7CT80WJQKC94VRB86BKYDKM,🏗️,100,false,market
01K7MMNEJRP7PF4AGSGAE2WEGY,camping-hiking,01K7CT80Z7M3QP0FR82CNM0JES,⛺,50,false,market
01K7MMNEJV32D34T8P2W1MBAZM,travel-leisure,01K7M9YVK659P2ZGBPBTYCPZV7,✈️,200,false,market|directory
01K7NQPG8FDBG3H2M87J4KHAPB,pet-services,01K7M9YVK659P2ZGBPBTYCPZV7,🐾,100,false,market|directory
01K7NVJHSP2DKCTKN52G4QHA14,financial-services,01K7M9YVK659P2ZGBPBTYCPZV7,💰,100,false,market|directory
01K7NWXHAWMX8HMCHVM8QD1551,digital-goods,01K7M9YVK4G7MYJBP0G4QYQDQQ,💾,0,false,market
01K7NWZVVFMRVYHD08NBGZZHDE,cryptocurrency,01K7NWXHAWMX8HMCHVM8QD1551,₿,0,false,market
01K7NWZVVH1WFAXCW4BD006F77,game-assets-accounts,01K7NWXHAWMX8HMCHVM8QD1551,🎮,0,false,market
01K7NWZVVJWQNJC0NEPYBPQXD2,media,01K7NWXHAWMX8HMCHVM8QD1551,🎬,0,false,market
01K7NWZVVMKKNJB584T893XZDA,games,01K7NWXHAWMX8HMCHVM8QD1551,🕹️,0,false,market
01K7NWZVVQVH20Y525CB123F79,subscriptions,01K7NWXHAWMX8HMCHVM8QD1551,🔑,0,false,market
01K7NZDSCD8SN15P505WZ84DYK,women-outerwear,01K7CT80X88HEQN5YMHJ2KPH3G,🧥,0,false,market
01K7NZDSCPHGQGPPZ53F6ERA07,women-pants-jeans,01K7CT80X88HEQN5YMHJ2KPH3G,👖,0,false,market
01K7NZDSCQTY8ZN4MH43X1P875,women-sportswear,01K7CT80X88HEQN5YMHJ2KPH3G,🏃‍♀️,0,false,market
01K7NZDSCRJZBBYZVBH1XN9P38,women-suits,01K7CT80X88HEQN5YMHJ2KPH3G,👔,0,false,market
01K7NZDSCSP414AG90KJY1S0MR,women-boots,01K7CT80XGT9XWE6CQPD9QT0T4,👢,0,false,market
01K7NZDSCVS8KQ28YVWVC1VHJM,women-ankle-boots,01K7CT80XGT9XWE6CQPD9QT0T4,👢,0,false,market
01K7NZDSCW472B1CX5823FXVN4,women-sandals,01K7CT80XGT9XWE6CQPD9QT0T4,👡,0,false,market
01K7NZDSCX2JTNPE8N4G9518Q4,women-sneakers,01K7CT80XGT9XWE6CQPD9QT0T4,👟,0,false,market
01K7NZDSCYB2R48V27MVX1BPKS,women-slippers,01K7CT80XGT9XWE6CQPD9QT0T4,🥿,0,false,market
01K7NZDSCZX05JK6GGXANQT15W,women-heels,01K7CT80XGT9XWE6CQPD9QT0T4,👠,0,false,market
01K80HJ5J253JTFXMW86T4BM89,p2p-delivery,01K7CT811TAFQR0HNR602ATC83,📦,2,false,market|directory
01K80HJ5J2GCGTT6G8WBV0JE41,carpooling,01K7CT811TAFQR0HNR602ATC83,👥,1,false,market|directory
01K80HM8KZFQW9J5N2XVTP4RYE,lost-found,01K7CT8162HMR2AFDWS8HHEJ0T,🔍,0,false,market|directory
01K80KHV8N1RSZKHZMNVJYC2SJ,arbitration-mediation,01K7CT814A4CNV85YZCNMQKE1Q,⚖️,100,false,market|directory
01K9MSBCH9FVVCV3DFJPC17Y2H,cafe-restaurant,,,0,false,directory
01KC6D5BYM0QZN7FQ1WAKVTRAC,sports-fitness,,🏃,0,false,events
01KC6D5BZSB6XPKAJBRS7534FS,education-workshop,,📚,0,false,events
01KC6D5BZZMTARSXW8NCQE6Z4C,social-meetup,,🤝,0,false,events
01KC6D5C03TY0A1NQ45YY63NWY,tech-it,,💻,0,false,events
01KKK8MGHKBPFVJWC521AV01Y4,agriculture,01K7M9YVK4G7MYJBP0G4QYQDQQ,🌾,13,false,market|directory
01KKK8MGK8HEHSSFB3S7V0S2K6,farm-equipment,01KKK8MGHKBPFVJWC521AV01Y4,🚜,0,false,market|directory
01KKK8MGKFBGDXP5QJ5HYGJS4Q,tractors,01KKK8MGK8HEHSSFB3S7V0S2K6,🚜,0,false,market|directory
01KKK8MGKKCCR8X08YADXPMSQ4,tillage-equipment,01KKK8MGK8HEHSSFB3S7V0S2K6,⚙️,1,false,market|directory
01KKK8MGKQK70ZJWNSXSEBXW82,harvesting-equipment,01KKK8MGK8HEHSSFB3S7V0S2K6,🌾,2,false,market|directory
01KKK8MGKV8F571M777RE80TR4,livestock,01KKK8MGHKBPFVJWC521AV01Y4,🐄,1,false,market|directory
01KKK8MGKZR0PGJ3600V87K3EM,cattle,01KKK8MGKV8F571M777RE80TR4,🐄,0,false,market|directory
01KKK8MGM2S84Q5HK5ZC78A0R3,goats-sheep,01KKK8MGKV8F571M777RE80TR4,🐑,1,false,market|directory
01KKK8MGM59E4Y5M90T3D1MC8M,farm-poultry,01KKK8MGKV8F571M777RE80TR4,🐔,2,false,market|directory
01KKK8MGM8J1R7798KD43N4F66,farm-pigs,01KKK8MGKV8F571M777RE80TR4,🐷,3,false,market|directory
01KKK8MGMC8RD1TJYHZP5HYY0C,farm-produce,01KKK8MGHKBPFVJWC521AV01Y4,🌿,2,true,market|directory
01KKK8MGMNDCSKBC4JV04GP7JV,grains,01KKK8MGMC8RD1TJYHZP5HYY0C,🌾,0,true,market|directory
01KKK8MGMWA9V2SQ091CE1Z5YD,hay-straw,01KKK8MGMC8RD1TJYHZP5HYY0C,🌿,1,true,market|directory
01KKK8MGN2TRYJHYJW8VSCJRWX,animal-feed,01KKK8MGHKBPFVJWC521AV01Y4,🌽,3,true,market|directory
01KKK8MGN8T7XQ77DAG2HZHFK1,handmade,01K7M9YVK4G7MYJBP0G4QYQDQQ,🎨,14,false,market|directory
01KKK8MGNDTPTK8W1YYRKXSR3H,handmade-jewelry,01KKK8MGN8T7XQ77DAG2HZHFK1,💍,0,false,market|directory
01KKK8MGNJ2VQ61384RJW8C86N,ceramics-pottery,01KKK8MGN8T7XQ77DAG2HZHFK1,🏺,1,false,market|directory
01KKK8MGNQJFA7X7QYPAM92P74,woodcraft,01KKK8MGN8T7XQ77DAG2HZHFK1,🪵,2,false,market|directory
01KKK8MGNYPDJCQK136TQPHAKS,leatherwork,01KKK8MGN8T7XQ77DAG2HZHFK1,👜,3,false,market|directory
01KKK8MGP35FZ1BDWJ67MB8B71,textile-craft,01KKK8MGN8T7XQ77DAG2HZHFK1,🧶,4,false,market|directory
01KKK8MGP9RVD26G0DBHHMMRMB,candles-soap,01KKK8MGN8T7XQ77DAG2HZHFK1,🕯️,5,true,market|directory
01KKK8MGPHP1H216KKADT4643G,trailers-rv,01K7M9YVK0V17102B861JRCECW,🏕️,6,false,market
01KKK8MGPSCD2363Z95X3TXDQN,car-trailers,01KKK8MGPHP1H216KKADT4643G,🚛,0,false,market
01KKK8MGPZVKV1FYG778Y01ST8,motorhomes,01KKK8MGPHP1H216KKADT4643G,🏕️,1,false,market
01KKK8MGQ65QDWDA1BTA791SFP,developer-jobs,01K7CT815M317Q2RES9F60Z39D,💻,0,false,market
01KKK8MGQF8DS0JTK8J0Q016HC,devops-sysadmin-jobs,01K7CT815M317Q2RES9F60Z39D,🖥️,1,false,market
01KKK8MGQPQ2C0SVQ6F0WR095A,qa-support-jobs,01K7CT815M317Q2RES9F60Z39D,🧪,2,false,market
01KKK8MGQXJ6H1F01ASA2AKS9C,builder-jobs,01K7CT815N0X67BXCG2NCE1XYT,🧱,0,false,market
01KKK8MGR4BJNYP3P1M79RNBPW,electrician-plumber-jobs,01K7CT815N0X67BXCG2NCE1XYT,⚡,1,false,market
01KKK8MGRA1ASF2ZVYAT6KYYQP,welder-jobs,01K7CT815N0X67BXCG2NCE1XYT,🔥,2,false,market
01KKK8MGRJ4NJY5J7P57CJ9T90,chef-cook-jobs,01K7CT815P24DDP4G4P2AFD5AM,👨‍🍳,0,false,market
01KKK8MGRTE3A7GNXZ552TE9BQ,waiter-bartender-jobs,01K7CT815P24DDP4G4P2AFD5AM,🍽️,1,false,market
01KKK8MGS0K6E9DJH4R7SWY0QT,driver-jobs,01K7CT815Q94GSFHSRAHN3SKDV,🚗,0,false,market
01KKK8MGS5MGG5M4BW9YRY3XA6,logistics-jobs,01K7CT815Q94GSFHSRAHN3SKDV,📦,1,false,market
01KKK8MGSC7NP9ASN237PQTN8X,nurse-jobs,01K7CT815QJ2K9F8V6VXT2A5K9,🩺,0,false,market
01KKK8MGSM7NPXSVAWN8Z89ERP,doctor-jobs,01K7CT815QJ2K9F8V6VXT2A5K9,⚕️,1,false,market
01KKK8MGSVJ2BHR6YCRDEJ4RJX,agriculture-jobs,01K7CT815KEE7HQ8EX16FQYC40,🌾,11,false,market
01KKK8MGT2RVM9BG0BSKE1YYWF,freelance-jobs,01K7CT815KEE7HQ8EX16FQYC40,🏠,12,false,market
01KKK8MGT8BDB49BA80YDG4J3W,beauty-jobs,01K7CT815KEE7HQ8EX16FQYC40,💇,13,false,market
01KKK8MGTED7TCG7BFQGB14P31,security-jobs,01K7CT815KEE7HQ8EX16FQYC40,🛡️,14,false,market
01KKK8MGTMRJ9671E7B7WVMKEK,cleaning-jobs,01K7CT815KEE7HQ8EX16FQYC40,🧹,15,false,market
01KKK8MGTT49MPWTWSAVS973C2,insurance,01K7NVJHSP2DKCTKN52G4QHA14,🛡️,1,false,market|directory
01KKK8MGV1R9KCFNZCF9JX74H4,credit-consulting,01K7NVJHSP2DKCTKN52G4QHA14,💳,2,false,market|directory
01KKK8MGV6ZMDBNDT8FKF3SMHC,crypto-services,01K7NVJHSP2DKCTKN52G4QHA14,₿,3,false,market|directory
01KKKKMW0FCKRHFWAEVBW1V6NN,places,,🏪,20,false,directory
01KKKKMW135GWVPC51VPFPD4XV,food-drink,01KKKKMW0FCKRHFWAEVBW1V6NN,🍽️,0,false,directory
01KKKKMW17R08G1XNADVHQK05N,restaurant,01KKKKMW135GWVPC51VPFPD4XV,🍽️,0,false,directory
01KKKKMW1A1AMZA5B586ZAFEA5,cafe,01KKKKMW135GWVPC51VPFPD4XV,☕,1,false,directory
01KKKKMW1DSQQ8X11C81SAD7MF,bar-pub,01KKKKMW135GWVPC51VPFPD4XV,🍺,2,false,directory
01KKKKMW1HWDVZTVR22Z283NSE,fast-food,01KKKKMW135GWVPC51VPFPD4XV,🍔,3,false,directory
01KKKKMW1MJ61VA5NPK7G0FHZN,pizzeria,01KKKKMW135GWVPC51VPFPD4XV,🍕,4,false,directory
01KKKKMW1QCZAQ02SS5T2W1CS6,canteen,01KKKKMW135GWVPC51VPFPD4XV,🍲,5,false,directory
01KKKKMW1SMXN0M91KFKMP0VKH,accommodation,01KKKKMW0FCKRHFWAEVBW1V6NN,🏨,1,false,directory
01KKKKMW1WSWWSH8Z9Q6AGZ43P,hotel,01KKKKMW1SMXN0M91KFKMP0VKH,🏨,0,false,directory
01KKKKMW1Z2FKN8AGCJ8SXW8F5,hostel,01KKKKMW1SMXN0M91KFKMP0VKH,🛏️,1,false,directory
01KKKKMW22A247P7R9Y56A8WSM,guesthouse,01KKKKMW1SMXN0M91KFKMP0VKH,🏡,2,false,directory
01KKKKMW25TXSAE7DE40E2ZD8H,campground,01KKKKMW1SMXN0M91KFKMP0VKH,⛺,3,false,directory
01KKKKMW2894WCD5JWW961KHHA,healthcare,01KKKKMW0FCKRHFWAEVBW1V6NN,🏥,2,false,directory
01KKKKMW2AAS8YAHD9RBXWX0EP,hospital,01KKKKMW2894WCD5JWW961KHHA,🏥,0,false,directory
01KKKKMW2DTAA05E9ND5H1XE18,clinic,01KKKKMW2894WCD5JWW961KHHA,🩺,1,false,directory
01KKKKMW2G0JN1BY1YNQD7MWD3,pharmacy,01KKKKMW2894WCD5JWW961KHHA,💊,2,false,directory
01KKKKMW2KFNHHSNBZTP0G8WSV,dental-clinic,01KKKKMW2894WCD5JWW961KHHA,🦷,3,false,directory
01KKKKMW2N842GEFJ2Q323E173,laboratory,01KKKKMW2894WCD5JWW961KHHA,🔬,4,false,directory
01KKKKMW2RZ77F5W0R2MA8DKVD,government,01KKKKMW0FCKRHFWAEVBW1V6NN,🏛️,3,false,directory
01KKKKMW2V3CPCDT8D8XNJAJQK,post-office,01KKKKMW2RZ77F5W0R2MA8DKVD,📮,0,false,directory
01KKKKMW2XAX1GTB919GSKQSQ8,police-station,01KKKKMW2RZ77F5W0R2MA8DKVD,🚔,1,false,directory
01KKKKMW305JQA8VSS5KD9K5A2,fire-station,01KKKKMW2RZ77F5W0R2MA8DKVD,🚒,2,false,directory
01KKKKMW33YBY8KVC1S5EGAD79,city-hall,01KKKKMW2RZ77F5W0R2MA8DKVD,🏛️,3,false,directory
01KKKKMW36DWE8A79RJKWR8TDX,embassy-consulate,01KKKKMW2RZ77F5W0R2MA8DKVD,🏛️,4,false,directory
01KKKKMW38QAMXRPQDM4V5RTTJ,finance-places,01KKKKMW0FCKRHFWAEVBW1V6NN,🏦,4,false,directory
01KKKKMW3B97SN7BNJVK3MXTN0,bank,01KKKKMW38QAMXRPQDM4V5RTTJ,🏦,0,false,directory
01KKKKMW3EVBD4P6FAXEQ9MAMA,atm,01KKKKMW38QAMXRPQDM4V5RTTJ,💳,1,false,directory
01KKKKMW3GQY5J18SE47CQXF0C,exchange-office,01KKKKMW38QAMXRPQDM4V5RTTJ,💱,2,false,directory
01KKKKMW3K31JJGP3A5JVSZ7W0,transport-places,01KKKKMW0FCKRHFWAEVBW1V6NN,⛽,5,false,directory
01KKKKMW3NKKCW8QP2DRW60R88,gas-station,01KKKKMW3K31JJGP3A5JVSZ7W0,⛽,0,false,directory
01KKKKMW3RFC78KX7T4JATBX58,parking-lot,01KKKKMW3K31JJGP3A5JVSZ7W0,🅿️,1,false,directory
01KKKKMW3VY44P6MQB21FWJN4G,car-rental-place,01KKKKMW3K31JJGP3A5JVSZ7W0,🚗,2,false,directory
01KKKKMW3YZJTP4DC94XE5W55Q,ev-charging,01KKKKMW3K31JJGP3A5JVSZ7W0,🔌,3,false,directory
01KKKKMW414HX6WSH9JJDTDWGZ,shopping-places,01KKKKMW0FCKRHFWAEVBW1V6NN,🛒,6,false,directory
01KKKKMW4491PMF695ST240Q9H,supermarket,01KKKKMW414HX6WSH9JJDTDWGZ,🛒,0,false,directory
01KKKKMW46V2JRC4K1WHQSRRX5,shopping-mall,01KKKKMW414HX6WSH9JJDTDWGZ,🏬,1,false,directory
01KKKKMW49PDAW0W46JPY30YKP,market-bazaar,01KKKKMW414HX6WSH9JJDTDWGZ,🏪,2,false,directory
01KKKKMW4C9GFQAQKERSJC35D5,convenience-store,01KKKKMW414HX6WSH9JJDTDWGZ,🏪,3,false,directory
01KKKKMW4FZV7P1B8QD2Q2604M,entertainment-places,01KKKKMW0FCKRHFWAEVBW1V6NN,🎭,7,false,directory
01KKKKMW4JZTWEM3WSQKGFBEG6,cinema,01KKKKMW4FZV7P1B8QD2Q2604M,🎬,0,false,directory
01KKKKMW4MNJWYT5ZB9SYK0MSA,theater,01KKKKMW4FZV7P1B8QD2Q2604M,🎭,1,false,directory
01KKKKMW4Q5CYCNGJ0KRH73GGA,museum,01KKKKMW4FZV7P1B8QD2Q2604M,🏛️,2,false,directory
01KKKKMW4TB6XAPZR3WS1FQKJS,nightclub,01KKKKMW4FZV7P1B8QD2Q2604M,🎶,3,false,directory
01KKKKMW4W5E9PJNXNT8WC0XK9,park-garden,01KKKKMW4FZV7P1B8QD2Q2604M,🌳,4,false,directory
01KKKKMW4Z91Q4HV90G919EA17,education-places,01KKKKMW0FCKRHFWAEVBW1V6NN,🎓,8,false,directory
01KKKKMW52MDF5VT6X2JVSRQ9W,school,01KKKKMW4Z91Q4HV90G919EA17,🏫,0,false,directory
01KKKKMW554M202P522Z2MFQR2,university,01KKKKMW4Z91Q4HV90G919EA17,🎓,1,false,directory
01KKKKMW5AAHX9QVHF6F9VAAP9,kindergarten,01KKKKMW4Z91Q4HV90G919EA17,👶,2,false,directory
01KKKKMW5KREVBD33G5S9TWYAS,library,01KKKKMW4Z91Q4HV90G919EA17,📚,3,false,directory
01KKKKMW5XGXN9N9Z205A9ZPEJ,religious,01KKKKMW0FCKRHFWAEVBW1V6NN,⛪,9,false,directory
01KKKKMW6A284Y8QVM9YHS1506,church,01KKKKMW5XGXN9N9Z205A9ZPEJ,⛪,0,false,directory
01KKKKMW6Q091V3XQ7EH3BME1N,mosque,01KKKKMW5XGXN9N9Z205A9ZPEJ,🕌,1,false,directory
01KKKKMW769TSRK70F7ZV5P8FB,temple,01KKKKMW5XGXN9N9Z205A9ZPEJ,🛕,2,false,directory
01KKKKMW7KMACRWFH9G4519Q6S,sports-places,01KKKKMW0FCKRHFWAEVBW1V6NN,🏟️,10,false,directory
01KKKKMW8010PG4JRGMEDNWM2H,gym-fitness-center,01KKKKMW7KMACRWFH9G4519Q6S,🏋️,0,false,directory
01KKKKMW8AMMG259VK21XZEQWG,swimming-pool,01KKKKMW7KMACRWFH9G4519Q6S,🏊,1,false,directory
01KKKKMW8P55TAW17PSWD0KSTR,stadium,01KKKKMW7KMACRWFH9G4519Q6S,🏟️,2,false,directory
